tanggal,jenis_alpukat,bulan,tahun,curah_hujan_mm,pasokan_kg,musim_panen,harga_per_kg
2021-01-04,Miki,1,2021,91.0,769.8,0,36500
2021-01-11,Miki,1,2021,260.8,551.8,0,39000
2021-01-18,Miki,1,2021,134.3,519.8,0,31000
2021-01-25,Miki,1,2021,256.0,487.6,0,36000
2021-02-01,Miki,2,2021,123.7,321.3,1,24500
2021-02-08,Miki,2,2021,227.8,785.5,1,26500
2021-02-15,Miki,2,2021,132.0,1214.2,1,27000
2021-02-22,Miki,2,2021,129.2,950.2,1,25000
2021-03-01,Miki,3,2021,161.6,1117.7,1,23000
2021-03-08,Miki,3,2021,267.4,553.3,1,26500
2021-03-15,Miki,3,2021,197.5,1146.9,1,27000
2021-03-22,Miki,3,2021,53.3,562.8,1,26500
2021-03-29,Miki,3,2021,205.9,830.0,1,26000
2021-04-05,Miki,4,2021,228.9,1181.2,1,25000
2021-04-12,Miki,4,2021,112.9,834.9,1,27500
2021-04-19,Miki,4,2021,258.0,912.0,1,25000
2021-04-26,Miki,4,2021,245.0,1375.7,1,25500
2021-05-03,Miki,5,2021,260.3,966.1,0,36000
2021-05-10,Miki,5,2021,177.1,997.9,0,34000
2021-05-17,Miki,5,2021,245.8,420.8,0,35500
2021-05-24,Miki,5,2021,162.4,754.4,0,39500
2021-05-31,Miki,5,2021,138.5,675.4,0,35000
2021-06-07,Miki,6,2021,253.2,809.6,0,34500
2021-06-14,Miki,6,2021,221.1,881.8,0,40500
2021-06-21,Miki,6,2021,123.8,553.5,0,39500
2021-06-28,Miki,6,2021,62.9,107.1,0,40000
2021-07-05,Miki,7,2021,152.6,542.8,0,35500
2021-07-12,Miki,7,2021,212.3,477.5,0,40000
2021-07-19,Miki,7,2021,26.5,599.5,0,43000
2021-07-26,Miki,7,2021,145.4,638.7,0,38000
2021-08-02,Miki,8,2021,207.2,982.7,1,26000
2021-08-09,Miki,8,2021,88.0,1148.4,1,27000
2021-08-16,Miki,8,2021,292.4,1380.2,1,25000
2021-08-23,Miki,8,2021,186.2,630.5,1,27500
2021-08-30,Miki,8,2021,316.5,1267.6,1,25000
2021-09-06,Miki,9,2021,150.8,652.3,1,26000
2021-09-13,Miki,9,2021,229.6,881.5,1,27000
2021-09-20,Miki,9,2021,109.2,1239.4,1,24000
2021-09-27,Miki,9,2021,289.1,1641.1,1,28000
2021-10-04,Miki,10,2021,163.5,980.3,1,29500
2021-10-11,Miki,10,2021,284.0,703.3,1,27000
2021-10-18,Miki,10,2021,277.4,1082.0,1,24500
2021-10-25,Miki,10,2021,194.0,619.4,1,26000
2021-11-01,Miki,11,2021,286.0,503.6,0,37500
2021-11-08,Miki,11,2021,241.6,988.5,0,37500
2021-11-15,Miki,11,2021,255.2,617.8,0,37500
2021-11-22,Miki,11,2021,250.3,663.8,0,38500
2021-11-29,Miki,11,2021,223.0,623.4,0,42500
2021-12-06,Miki,12,2021,103.0,951.3,0,36000
2021-12-13,Miki,12,2021,169.0,680.6,0,37000
2021-12-20,Miki,12,2021,170.1,932.8,0,34500
2021-12-27,Miki,12,2021,242.2,600.9,0,39000
2022-01-03,Miki,1,2022,236.8,754.1,0,37000
2022-01-10,Miki,1,2022,321.0,990.5,0,38500
2022-01-17,Miki,1,2022,266.6,852.7,0,37500
2022-01-24,Miki,1,2022,105.0,690.5,0,41000
2022-01-31,Miki,1,2022,221.2,1353.0,0,42000
2022-02-07,Miki,2,2022,270.8,994.3,1,28500
2022-02-14,Miki,2,2022,118.2,893.4,1,26000
2022-02-21,Miki,2,2022,186.5,419.7,1,27500
2022-02-28,Miki,2,2022,142.2,1257.9,1,27500
2022-03-07,Miki,3,2022,93.8,1077.9,1,27000
2022-03-14,Miki,3,2022,183.6,789.3,1,27500
2022-03-21,Miki,3,2022,230.7,928.9,1,29000
2022-03-28,Miki,3,2022,127.1,1223.9,1,25500
2022-04-04,Miki,4,2022,170.8,756.8,1,27000
2022-04-11,Miki,4,2022,142.0,781.5,1,28000
2022-04-18,Miki,4,2022,212.4,1041.1,1,30000
2022-04-25,Miki,4,2022,58.5,794.7,1,29000
2022-05-02,Miki,5,2022,329.8,443.1,0,38000
2022-05-09,Miki,5,2022,310.6,381.9,0,37500
2022-05-16,Miki,5,2022,190.5,712.9,0,41500
2022-05-23,Miki,5,2022,101.5,712.9,0,41500
2022-05-30,Miki,5,2022,132.0,908.6,0,36000
2022-06-06,Miki,6,2022,306.9,409.6,0,43000
2022-06-13,Miki,6,2022,23.8,662.9,0,43000
2022-06-20,Miki,6,2022,250.8,639.9,0,35000
2022-06-27,Miki,6,2022,151.6,830.8,0,41000
2022-07-04,Miki,7,2022,129.6,818.4,0,41500
2022-07-11,Miki,7,2022,123.2,626.8,0,41500
2022-07-18,Miki,7,2022,126.5,954.8,0,40500
2022-07-25,Miki,7,2022,144.8,900.1,0,41000
2022-08-01,Miki,8,2022,160.9,1224.7,1,26500
2022-08-08,Miki,8,2022,131.0,928.5,1,30500
2022-08-15,Miki,8,2022,36.6,803.8,1,31000
2022-08-22,Miki,8,2022,243.3,717.2,1,29000
2022-08-29,Miki,8,2022,258.0,899.5,1,27000
2022-09-05,Miki,9,2022,154.3,1174.1,1,27500
2022-09-12,Miki,9,2022,199.6,832.7,1,25500
2022-09-19,Miki,9,2022,198.6,1348.7,1,25500
2022-09-26,Miki,9,2022,122.5,841.4,1,30000
2022-10-03,Miki,10,2022,298.0,865.6,1,27500
2022-10-10,Miki,10,2022,205.8,705.3,1,28500
2022-10-17,Miki,10,2022,302.6,493.4,1,29000
2022-10-24,Miki,10,2022,197.9,913.2,1,29500
2022-10-31,Miki,10,2022,118.2,1538.7,1,30500
2022-11-07,Miki,11,2022,352.3,493.1,0,43500
2022-11-14,Miki,11,2022,258.1,487.4,0,39500
2022-11-21,Miki,11,2022,262.6,297.9,0,36500
2022-11-28,Miki,11,2022,209.0,453.0,0,42500
2022-12-05,Miki,12,2022,239.4,897.7,0,43500
2022-12-12,Miki,12,2022,169.4,850.5,0,41500
2022-12-19,Miki,12,2022,203.6,395.6,0,43500
2022-12-26,Miki,12,2022,173.1,602.9,0,44000
2023-01-02,Miki,1,2023,171.3,681.6,0,39500
2023-01-09,Miki,1,2023,204.2,601.0,0,43500
2023-01-16,Miki,1,2023,155.0,318.7,0,39500
2023-01-23,Miki,1,2023,222.8,339.7,0,43000
2023-01-30,Miki,1,2023,199.4,1216.5,0,37500
2023-02-06,Miki,2,2023,304.1,1498.3,1,32000
2023-02-13,Miki,2,2023,98.4,832.4,1,32000
2023-02-20,Miki,2,2023,250.2,1301.3,1,25000
2023-02-27,Miki,2,2023,250.9,918.1,1,28000
2023-03-06,Miki,3,2023,20.0,1200.2,1,31500
2023-03-13,Miki,3,2023,43.7,885.6,1,32500
2023-03-20,Miki,3,2023,212.2,572.1,1,28500
2023-03-27,Miki,3,2023,91.9,1143.3,1,27500
2023-04-03,Miki,4,2023,156.7,657.9,1,29000
2023-04-10,Miki,4,2023,114.8,808.8,1,25500
2023-04-17,Miki,4,2023,164.7,1552.8,1,28000
2023-04-24,Miki,4,2023,221.2,1370.8,1,27500
2023-05-01,Miki,5,2023,130.4,534.1,0,41000
2023-05-08,Miki,5,2023,369.9,632.7,0,44500
2023-05-15,Miki,5,2023,160.1,954.8,0,35500
2023-05-22,Miki,5,2023,400.0,832.6,0,47500
2023-05-29,Miki,5,2023,20.0,679.1,0,40500
2023-06-05,Miki,6,2023,128.3,469.0,0,41500
2023-06-12,Miki,6,2023,250.5,460.6,0,42500
2023-06-19,Miki,6,2023,301.8,787.6,0,39000
2023-06-26,Miki,6,2023,164.8,1026.3,0,37000
2023-07-03,Miki,7,2023,68.1,786.3,0,40000
2023-07-10,Miki,7,2023,141.0,541.1,0,37500
2023-07-17,Miki,7,2023,183.9,456.4,0,44000
2023-07-24,Miki,7,2023,176.0,832.6,0,37500
2023-07-31,Miki,7,2023,133.9,768.2,0,44000
2023-08-07,Miki,8,2023,101.8,1480.2,1,32500
2023-08-14,Miki,8,2023,127.0,1144.0,1,27000
2023-08-21,Miki,8,2023,35.6,1024.1,1,29000
2023-08-28,Miki,8,2023,88.9,1051.1,1,31000
2023-09-04,Miki,9,2023,51.1,807.5,1,29000
2023-09-11,Miki,9,2023,222.4,1347.7,1,27000
2023-09-18,Miki,9,2023,116.2,1014.8,1,28500
2023-09-25,Miki,9,2023,186.9,933.4,1,28500
2023-10-02,Miki,10,2023,200.4,802.4,1,28000
2023-10-09,Miki,10,2023,211.6,853.7,1,27500
2023-10-16,Miki,10,2023,346.0,1324.1,1,30500
2023-10-23,Miki,10,2023,125.9,289.2,1,30000
2023-10-30,Miki,10,2023,112.5,1044.5,1,29000
2023-11-06,Miki,11,2023,251.4,719.5,0,38500
2023-11-13,Miki,11,2023,203.0,327.9,0,46000
2023-11-20,Miki,11,2023,220.8,1025.3,0,40000
2023-11-27,Miki,11,2023,186.6,542.8,0,41500
2023-12-04,Miki,12,2023,300.8,810.7,0,38500
2023-12-11,Miki,12,2023,246.3,575.6,0,41500
2023-12-18,Miki,12,2023,145.8,523.2,0,45000
2023-12-25,Miki,12,2023,257.9,742.4,0,45500
2024-01-01,Miki,1,2024,95.3,604.4,0,39500
2024-01-08,Miki,1,2024,246.8,838.2,0,40500
2024-01-15,Miki,1,2024,194.4,1343.0,0,38500
2024-01-22,Miki,1,2024,183.8,641.7,0,45000
2024-01-29,Miki,1,2024,197.3,738.1,0,43000
2024-02-05,Miki,2,2024,88.8,1403.4,1,29000
2024-02-12,Miki,2,2024,172.8,1123.2,1,34500
2024-02-19,Miki,2,2024,221.9,911.2,1,28500
2024-02-26,Miki,2,2024,248.2,251.8,1,30500
2024-03-04,Miki,3,2024,230.3,862.8,1,30500
2024-03-11,Miki,3,2024,90.0,931.2,1,28000
2024-03-18,Miki,3,2024,74.5,887.4,1,30000
2024-03-25,Miki,3,2024,98.6,1091.3,1,29000
2024-04-01,Miki,4,2024,166.8,1617.1,1,32000
2024-04-08,Miki,4,2024,117.4,1202.3,1,27500
2024-04-15,Miki,4,2024,192.4,970.1,1,27500
2024-04-22,Miki,4,2024,291.1,159.0,1,27500
2024-04-29,Miki,4,2024,80.7,840.9,1,29500
2024-05-06,Miki,5,2024,168.0,724.7,0,46000
2024-05-13,Miki,5,2024,73.9,897.7,0,43000
2024-05-20,Miki,5,2024,123.6,583.7,0,38500
2024-05-27,Miki,5,2024,169.6,452.1,0,40500
2024-06-03,Miki,6,2024,245.1,525.4,0,39500
2024-06-10,Miki,6,2024,200.2,461.2,0,42000
2024-06-17,Miki,6,2024,46.4,1106.3,0,43000
2024-06-24,Miki,6,2024,263.9,1013.9,0,37500
2024-07-01,Miki,7,2024,77.6,1110.4,0,37000
2024-07-08,Miki,7,2024,315.7,929.4,0,40500
2024-07-15,Miki,7,2024,150.9,620.8,0,44500
2024-07-22,Miki,7,2024,43.2,693.8,0,44500
2024-07-29,Miki,7,2024,76.9,621.5,0,42500
2024-08-05,Miki,8,2024,224.1,1245.4,1,30500
2024-08-12,Miki,8,2024,309.6,1458.8,1,27500
2024-08-19,Miki,8,2024,220.8,384.3,1,30000
2024-08-26,Miki,8,2024,152.2,1004.7,1,28500
2024-09-02,Miki,9,2024,226.5,682.7,1,28000
2024-09-09,Miki,9,2024,225.9,418.2,1,33500
2024-09-16,Miki,9,2024,155.6,660.5,1,33000
2024-09-23,Miki,9,2024,228.6,523.6,1,27500
2024-09-30,Miki,9,2024,127.3,1274.8,1,29500
2024-10-07,Miki,10,2024,194.4,885.4,1,30500
2024-10-14,Miki,10,2024,176.2,1165.9,1,29000
2024-10-21,Miki,10,2024,93.0,1183.2,1,29500
2024-10-28,Miki,10,2024,271.5,967.4,1,29000
2024-11-04,Miki,11,2024,265.2,757.7,0,41500
2024-11-11,Miki,11,2024,229.5,825.2,0,44500
2024-11-18,Miki,11,2024,57.9,707.0,0,45500
2024-11-25,Miki,11,2024,196.6,918.1,0,40500
2024-12-02,Miki,12,2024,93.5,1002.9,0,39000
2024-12-09,Miki,12,2024,234.5,531.6,0,47000
2024-12-16,Miki,12,2024,187.7,536.7,0,44500
2024-12-23,Miki,12,2024,155.3,504.1,0,41500
2024-12-30,Miki,12,2024,165.1,555.5,0,47000
2025-01-06,Miki,1,2025,195.7,901.3,0,42000
2025-01-13,Miki,1,2025,186.6,881.7,0,42500
2025-01-20,Miki,1,2025,292.7,879.6,0,43000
2025-01-27,Miki,1,2025,144.4,876.2,0,49500
2025-02-03,Miki,2,2025,138.2,883.6,1,28000
2025-02-10,Miki,2,2025,99.7,737.4,1,29500
2025-02-17,Miki,2,2025,198.7,638.8,1,30500
2025-02-24,Miki,2,2025,258.7,840.9,1,32500
2025-03-03,Miki,3,2025,234.0,1277.7,1,33000
2025-03-10,Miki,3,2025,129.0,789.6,1,29500
2025-03-17,Miki,3,2025,135.6,776.5,1,31500
2025-03-24,Miki,3,2025,293.6,738.8,1,31500
2025-03-31,Miki,3,2025,217.7,713.5,1,31000
2025-04-07,Miki,4,2025,303.8,1474.0,1,30000
2025-04-14,Miki,4,2025,149.0,1061.7,1,34000
2025-04-21,Miki,4,2025,165.8,707.5,1,29000
2025-04-28,Miki,4,2025,121.5,681.8,1,31500
2025-05-05,Miki,5,2025,138.6,775.5,0,41000
2025-05-12,Miki,5,2025,275.1,940.5,0,43500
2025-05-19,Miki,5,2025,234.6,1110.8,0,43000
2025-05-26,Miki,5,2025,151.3,816.8,0,46500
2025-06-02,Miki,6,2025,245.6,719.7,0,48000
2025-06-09,Miki,6,2025,273.5,526.9,0,45000
2025-06-16,Miki,6,2025,166.6,647.4,0,48500
2025-06-23,Miki,6,2025,114.6,830.3,0,41500
2025-06-30,Miki,6,2025,195.3,688.7,0,41000
2025-07-07,Miki,7,2025,239.7,966.3,0,45000
2025-07-14,Miki,7,2025,200.0,1109.1,0,40500
2025-07-21,Miki,7,2025,202.3,694.9,0,45000
2025-07-28,Miki,7,2025,265.9,508.8,0,40500
2025-08-04,Miki,8,2025,124.0,819.4,1,30500
2025-08-11,Miki,8,2025,135.3,1016.6,1,35000
2025-08-18,Miki,8,2025,174.7,435.2,1,31500
2025-08-25,Miki,8,2025,64.2,280.4,1,34000
2025-09-01,Miki,9,2025,139.8,1253.1,1,33500
2025-09-08,Miki,9,2025,232.0,941.5,1,32000
2025-09-15,Miki,9,2025,94.4,1227.6,1,30000
2025-09-22,Miki,9,2025,79.9,1416.5,1,29500
2025-09-29,Miki,9,2025,269.4,975.1,1,33000
2025-10-06,Miki,10,2025,225.6,1047.8,1,33000
2025-10-13,Miki,10,2025,286.3,1371.4,1,30000
2025-10-20,Miki,10,2025,125.9,1484.5,1,31000
2025-10-27,Miki,10,2025,65.5,499.3,1,29500
2025-11-03,Miki,11,2025,144.3,259.0,0,45500
2025-11-10,Miki,11,2025,20.0,827.0,0,48000
2025-11-17,Miki,11,2025,178.1,521.9,0,45500
2025-11-24,Miki,11,2025,147.7,601.5,0,45500
2025-12-01,Miki,12,2025,222.0,1029.2,0,43500
2025-12-08,Miki,12,2025,183.0,483.6,0,42500
2025-12-15,Miki,12,2025,259.1,799.5,0,43500
2025-12-22,Miki,12,2025,144.4,1068.3,0,42500
2025-12-29,Miki,12,2025,325.0,839.4,0,46000
2026-01-05,Miki,1,2026,230.8,730.9,0,44500
2026-01-12,Miki,1,2026,346.0,493.7,0,49000
2026-01-19,Miki,1,2026,196.4,597.6,0,40000
2026-01-26,Miki,1,2026,97.5,517.9,0,48500
2026-02-02,Miki,2,2026,270.3,1460.1,1,32000
2026-02-09,Miki,2,2026,89.8,1148.4,1,29500
2026-02-16,Miki,2,2026,196.9,916.6,1,27000
2026-02-23,Miki,2,2026,254.6,1157.9,1,31000
2026-03-02,Miki,3,2026,107.9,1028.8,1,32000
2026-03-09,Miki,3,2026,171.6,1485.5,1,29000
2026-03-16,Miki,3,2026,134.2,1371.4,1,33500
2026-03-23,Miki,3,2026,212.1,725.8,1,33000
2026-03-30,Miki,3,2026,156.7,1110.0,1,31000
2026-04-06,Miki,4,2026,20.0,1023.8,1,33000
2026-04-13,Miki,4,2026,90.4,1126.0,1,32500
2026-04-20,Miki,4,2026,142.6,1070.8,1,30500
2026-04-27,Miki,4,2026,218.2,336.8,1,30500
2026-05-04,Miki,5,2026,55.5,543.4,0,49000
2026-05-11,Miki,5,2026,221.7,659.5,0,45500
2026-05-18,Miki,5,2026,209.0,878.6,0,47000
2026-05-25,Miki,5,2026,210.4,725.5,0,41500
2026-06-01,Miki,6,2026,169.5,456.7,0,44500
2021-01-04,Mentega,1,2021,215.9,873.2,0,32500
2021-01-11,Mentega,1,2021,20.0,1318.2,0,36000
2021-01-18,Mentega,1,2021,96.8,790.6,0,30000
2021-01-25,Mentega,1,2021,164.7,735.8,0,33000
2021-02-01,Mentega,2,2021,219.7,893.1,1,26500
2021-02-08,Mentega,2,2021,196.1,1243.0,1,24500
2021-02-15,Mentega,2,2021,275.0,644.7,1,23500
2021-02-22,Mentega,2,2021,204.2,712.5,1,23500
2021-03-01,Mentega,3,2021,206.3,1006.2,1,25500
2021-03-08,Mentega,3,2021,160.5,1201.3,1,25000
2021-03-15,Mentega,3,2021,81.8,1122.5,1,24500
2021-03-22,Mentega,3,2021,168.0,992.2,1,22500
2021-03-29,Mentega,3,2021,181.2,580.3,1,21000
2021-04-05,Mentega,4,2021,100.7,303.4,1,23000
2021-04-12,Mentega,4,2021,74.2,1028.1,1,21500
2021-04-19,Mentega,4,2021,124.9,1585.5,1,24500
2021-04-26,Mentega,4,2021,154.0,811.7,1,23000
2021-05-03,Mentega,5,2021,68.8,342.7,0,33000
2021-05-10,Mentega,5,2021,375.2,785.9,0,37500
2021-05-17,Mentega,5,2021,159.8,681.5,0,35000
2021-05-24,Mentega,5,2021,224.2,350.3,0,30500
2021-05-31,Mentega,5,2021,257.7,576.6,0,29000
2021-06-07,Mentega,6,2021,211.7,457.5,0,34500
2021-06-14,Mentega,6,2021,169.3,659.3,0,31000
2021-06-21,Mentega,6,2021,224.1,548.9,0,33500
2021-06-28,Mentega,6,2021,291.8,653.5,0,32500
2021-07-05,Mentega,7,2021,185.1,683.9,0,34500
2021-07-12,Mentega,7,2021,157.3,707.8,0,35500
2021-07-19,Mentega,7,2021,76.3,424.4,0,31500
2021-07-26,Mentega,7,2021,244.2,523.9,0,37000
2021-08-02,Mentega,8,2021,113.7,731.6,1,23500
2021-08-09,Mentega,8,2021,221.9,723.3,1,23500
2021-08-16,Mentega,8,2021,216.3,1003.6,1,21500
2021-08-23,Mentega,8,2021,57.0,1015.3,1,25000
2021-08-30,Mentega,8,2021,386.4,671.9,1,28000
2021-09-06,Mentega,9,2021,258.1,1285.1,1,23500
2021-09-13,Mentega,9,2021,137.3,828.5,1,23500
2021-09-20,Mentega,9,2021,91.9,770.8,1,21500
2021-09-27,Mentega,9,2021,164.2,1015.1,1,22000
2021-10-04,Mentega,10,2021,217.0,1509.7,1,24000
2021-10-11,Mentega,10,2021,81.3,1416.7,1,24500
2021-10-18,Mentega,10,2021,187.7,749.1,1,22500
2021-10-25,Mentega,10,2021,230.4,911.5,1,23000
2021-11-01,Mentega,11,2021,285.1,396.5,0,34000
2021-11-08,Mentega,11,2021,67.4,1014.5,0,31500
2021-11-15,Mentega,11,2021,120.1,724.3,0,32500
2021-11-22,Mentega,11,2021,208.9,766.8,0,36500
2021-11-29,Mentega,11,2021,94.4,544.5,0,30000
2021-12-06,Mentega,12,2021,160.9,260.0,0,36500
2021-12-13,Mentega,12,2021,352.5,450.2,0,35000
2021-12-20,Mentega,12,2021,247.1,528.9,0,37000
2021-12-27,Mentega,12,2021,186.5,592.2,0,37500
2022-01-03,Mentega,1,2022,156.8,731.4,0,36500
2022-01-10,Mentega,1,2022,166.0,543.3,0,33000
2022-01-17,Mentega,1,2022,108.1,715.8,0,33000
2022-01-24,Mentega,1,2022,178.0,789.0,0,37500
2022-01-31,Mentega,1,2022,224.6,154.2,0,32000
2022-02-07,Mentega,2,2022,131.2,927.2,1,22500
2022-02-14,Mentega,2,2022,222.4,392.9,1,25000
2022-02-21,Mentega,2,2022,104.9,904.7,1,22500
2022-02-28,Mentega,2,2022,228.0,653.0,1,24500
2022-03-07,Mentega,3,2022,162.9,1456.5,1,22500
2022-03-14,Mentega,3,2022,153.0,739.6,1,25500
2022-03-21,Mentega,3,2022,130.9,894.0,1,22000
2022-03-28,Mentega,3,2022,193.6,493.0,1,25000
2022-04-04,Mentega,4,2022,20.0,1208.1,1,25500
2022-04-11,Mentega,4,2022,259.1,621.5,1,21000
2022-04-18,Mentega,4,2022,250.3,1131.6,1,25000
2022-04-25,Mentega,4,2022,166.1,787.8,1,24500
2022-05-02,Mentega,5,2022,100.5,667.8,0,31500
2022-05-09,Mentega,5,2022,344.8,391.9,0,37000
2022-05-16,Mentega,5,2022,166.2,1086.8,0,31000
2022-05-23,Mentega,5,2022,50.9,543.0,0,38000
2022-05-30,Mentega,5,2022,52.1,567.3,0,41500
2022-06-06,Mentega,6,2022,131.5,711.1,0,36000
2022-06-13,Mentega,6,2022,182.6,506.0,0,35500
2022-06-20,Mentega,6,2022,125.8,629.5,0,34500
2022-06-27,Mentega,6,2022,150.8,789.5,0,30000
2022-07-04,Mentega,7,2022,102.3,853.7,0,35000
2022-07-11,Mentega,7,2022,274.9,894.5,0,33500
2022-07-18,Mentega,7,2022,119.5,401.7,0,34000
2022-07-25,Mentega,7,2022,286.3,869.3,0,32500
2022-08-01,Mentega,8,2022,353.2,795.4,1,25500
2022-08-08,Mentega,8,2022,296.4,1403.1,1,27000
2022-08-15,Mentega,8,2022,227.5,825.5,1,24000
2022-08-22,Mentega,8,2022,132.4,541.7,1,24000
2022-08-29,Mentega,8,2022,24.2,794.7,1,27000
2022-09-05,Mentega,9,2022,204.6,1229.1,1,24000
2022-09-12,Mentega,9,2022,133.4,1148.7,1,25000
2022-09-19,Mentega,9,2022,219.3,1170.8,1,25000
2022-09-26,Mentega,9,2022,273.9,1081.6,1,23000
2022-10-03,Mentega,10,2022,212.0,718.8,1,25500
2022-10-10,Mentega,10,2022,226.9,1093.8,1,25000
2022-10-17,Mentega,10,2022,199.3,1710.8,1,25000
2022-10-24,Mentega,10,2022,39.1,1302.5,1,28000
2022-10-31,Mentega,10,2022,160.0,977.3,1,24000
2022-11-07,Mentega,11,2022,105.9,562.0,0,36500
2022-11-14,Mentega,11,2022,200.9,355.4,0,37500
2022-11-21,Mentega,11,2022,295.7,1002.9,0,32000
2022-11-28,Mentega,11,2022,64.0,439.2,0,34500
2022-12-05,Mentega,12,2022,114.4,954.2,0,36500
2022-12-12,Mentega,12,2022,44.1,899.7,0,37000
2022-12-19,Mentega,12,2022,281.0,668.8,0,35500
2022-12-26,Mentega,12,2022,134.9,722.4,0,37000
2023-01-02,Mentega,1,2023,340.5,884.8,0,38500
2023-01-09,Mentega,1,2023,179.4,1010.8,0,35000
2023-01-16,Mentega,1,2023,128.1,664.6,0,38000
2023-01-23,Mentega,1,2023,145.5,498.6,0,33500
2023-01-30,Mentega,1,2023,169.2,1067.5,0,34000
2023-02-06,Mentega,2,2023,195.2,1057.7,1,28500
2023-02-13,Mentega,2,2023,93.9,853.3,1,25000
2023-02-20,Mentega,2,2023,275.9,360.1,1,25000
2023-02-27,Mentega,2,2023,207.9,1004.7,1,22500
2023-03-06,Mentega,3,2023,262.6,909.9,1,23500
2023-03-13,Mentega,3,2023,212.1,581.4,1,23000
2023-03-20,Mentega,3,2023,196.5,869.5,1,20500
2023-03-27,Mentega,3,2023,167.1,750.2,1,26000
2023-04-03,Mentega,4,2023,211.6,768.7,1,25500
2023-04-10,Mentega,4,2023,189.7,961.8,1,23000
2023-04-17,Mentega,4,2023,208.4,905.6,1,23000
2023-04-24,Mentega,4,2023,106.2,1350.6,1,25500
2023-05-01,Mentega,5,2023,137.9,746.3,0,32500
2023-05-08,Mentega,5,2023,89.5,854.1,0,34500
2023-05-15,Mentega,5,2023,199.8,777.2,0,33000
2023-05-22,Mentega,5,2023,187.7,384.6,0,32000
2023-05-29,Mentega,5,2023,91.2,757.0,0,34500
2023-06-05,Mentega,6,2023,373.2,451.8,0,40500
2023-06-12,Mentega,6,2023,121.2,549.5,0,33500
2023-06-19,Mentega,6,2023,271.9,613.8,0,35500
2023-06-26,Mentega,6,2023,113.8,664.2,0,35000
2023-07-03,Mentega,7,2023,20.0,833.5,0,38000
2023-07-10,Mentega,7,2023,321.6,464.3,0,37500
2023-07-17,Mentega,7,2023,121.8,503.4,0,37500
2023-07-24,Mentega,7,2023,128.3,475.8,0,36500
2023-07-31,Mentega,7,2023,103.7,350.2,0,37000
2023-08-07,Mentega,8,2023,156.7,464.8,1,27500
2023-08-14,Mentega,8,2023,173.8,656.8,1,25500
2023-08-21,Mentega,8,2023,145.9,1266.1,1,26000
2023-08-28,Mentega,8,2023,64.9,1080.1,1,25500
2023-09-04,Mentega,9,2023,144.2,1307.9,1,26000
2023-09-11,Mentega,9,2023,248.2,1285.6,1,24500
2023-09-18,Mentega,9,2023,153.2,845.1,1,23500
2023-09-25,Mentega,9,2023,213.9,734.8,1,25500
2023-10-02,Mentega,10,2023,181.9,1309.0,1,27000
2023-10-09,Mentega,10,2023,216.2,1219.9,1,29000
2023-10-16,Mentega,10,2023,165.0,1285.5,1,25000
2023-10-23,Mentega,10,2023,387.2,981.4,1,28500
2023-10-30,Mentega,10,2023,201.7,1073.7,1,26000
2023-11-06,Mentega,11,2023,208.1,1001.8,0,34500
2023-11-13,Mentega,11,2023,172.7,205.9,0,35000
2023-11-20,Mentega,11,2023,259.4,924.5,0,34500
2023-11-27,Mentega,11,2023,134.8,648.4,0,32500
2023-12-04,Mentega,12,2023,20.0,336.4,0,42500
2023-12-11,Mentega,12,2023,212.3,620.6,0,36500
2023-12-18,Mentega,12,2023,205.9,895.2,0,35500
2023-12-25,Mentega,12,2023,202.7,688.3,0,34000
2024-01-01,Mentega,1,2024,142.0,1022.9,0,36000
2024-01-08,Mentega,1,2024,100.0,534.4,0,37000
2024-01-15,Mentega,1,2024,194.4,760.9,0,39500
2024-01-22,Mentega,1,2024,212.8,604.3,0,38000
2024-01-29,Mentega,1,2024,332.0,999.0,0,35500
2024-02-05,Mentega,2,2024,200.2,924.4,1,25500
2024-02-12,Mentega,2,2024,104.6,1098.9,1,24000
2024-02-19,Mentega,2,2024,145.2,1198.6,1,25000
2024-02-26,Mentega,2,2024,205.4,648.4,1,28000
2024-03-04,Mentega,3,2024,232.8,803.4,1,27500
2024-03-11,Mentega,3,2024,128.3,877.9,1,25500
2024-03-18,Mentega,3,2024,29.2,906.2,1,24500
2024-03-25,Mentega,3,2024,94.6,1046.2,1,27500
2024-04-01,Mentega,4,2024,171.6,888.8,1,26000
2024-04-08,Mentega,4,2024,273.0,1101.3,1,25000
2024-04-15,Mentega,4,2024,258.0,1142.8,1,24500
2024-04-22,Mentega,4,2024,260.1,411.0,1,25000
2024-04-29,Mentega,4,2024,220.9,1364.7,1,25500
2024-05-06,Mentega,5,2024,256.2,916.0,0,40000
2024-05-13,Mentega,5,2024,186.0,323.4,0,37500
2024-05-20,Mentega,5,2024,112.5,772.4,0,36500
2024-05-27,Mentega,5,2024,183.5,1015.6,0,36500
2024-06-03,Mentega,6,2024,195.6,620.5,0,32000
2024-06-10,Mentega,6,2024,145.7,589.8,0,32000
2024-06-17,Mentega,6,2024,173.4,477.2,0,36500
2024-06-24,Mentega,6,2024,155.3,518.1,0,37000
2024-07-01,Mentega,7,2024,287.2,757.9,0,36500
2024-07-08,Mentega,7,2024,197.1,532.8,0,35500
2024-07-15,Mentega,7,2024,116.3,674.9,0,38500
2024-07-22,Mentega,7,2024,123.3,341.3,0,35500
2024-07-29,Mentega,7,2024,53.3,311.0,0,44000
2024-08-05,Mentega,8,2024,191.6,738.7,1,26500
2024-08-12,Mentega,8,2024,207.4,314.5,1,25000
2024-08-19,Mentega,8,2024,301.7,835.9,1,25000
2024-08-26,Mentega,8,2024,166.5,613.4,1,28500
2024-09-02,Mentega,9,2024,196.5,1160.8,1,27000
2024-09-09,Mentega,9,2024,230.9,634.5,1,24500
2024-09-16,Mentega,9,2024,44.2,797.3,1,25000
2024-09-23,Mentega,9,2024,187.4,382.7,1,25500
2024-09-30,Mentega,9,2024,257.6,1047.5,1,26500
2024-10-07,Mentega,10,2024,322.0,1220.8,1,27500
2024-10-14,Mentega,10,2024,222.2,1099.2,1,24000
2024-10-21,Mentega,10,2024,124.5,1322.4,1,25000
2024-10-28,Mentega,10,2024,101.1,1355.8,1,27000
2024-11-04,Mentega,11,2024,82.8,666.2,0,36000
2024-11-11,Mentega,11,2024,184.0,698.2,0,33000
2024-11-18,Mentega,11,2024,277.1,354.7,0,33500
2024-11-25,Mentega,11,2024,49.7,910.8,0,40000
2024-12-02,Mentega,12,2024,202.4,640.5,0,36500
2024-12-09,Mentega,12,2024,223.7,757.1,0,33500
2024-12-16,Mentega,12,2024,171.2,495.9,0,34000
2024-12-23,Mentega,12,2024,159.3,1134.1,0,35000
2024-12-30,Mentega,12,2024,156.4,719.8,0,35000
2025-01-06,Mentega,1,2025,273.8,689.2,0,39500
2025-01-13,Mentega,1,2025,215.8,813.7,0,33500
2025-01-20,Mentega,1,2025,318.6,1248.1,0,36000
2025-01-27,Mentega,1,2025,220.1,460.4,0,36000
2025-02-03,Mentega,2,2025,166.5,835.2,1,23500
2025-02-10,Mentega,2,2025,239.8,889.2,1,25500
2025-02-17,Mentega,2,2025,20.0,851.3,1,30000
2025-02-24,Mentega,2,2025,252.0,579.3,1,27500
2025-03-03,Mentega,3,2025,177.6,788.8,1,24500
2025-03-10,Mentega,3,2025,199.3,971.1,1,29000
2025-03-17,Mentega,3,2025,151.1,1027.2,1,26000
2025-03-24,Mentega,3,2025,249.9,1015.9,1,28000
2025-03-31,Mentega,3,2025,200.4,1260.1,1,25000
2025-04-07,Mentega,4,2025,112.6,796.7,1,27000
2025-04-14,Mentega,4,2025,397.3,867.0,1,29000
2025-04-21,Mentega,4,2025,202.8,1032.4,1,30000
2025-04-28,Mentega,4,2025,164.2,858.0,1,28500
2025-05-05,Mentega,5,2025,270.7,598.1,0,41500
2025-05-12,Mentega,5,2025,232.5,719.6,0,38000
2025-05-19,Mentega,5,2025,148.9,843.3,0,41000
2025-05-26,Mentega,5,2025,102.3,420.1,0,34500
2025-06-02,Mentega,6,2025,249.0,604.7,0,37000
2025-06-09,Mentega,6,2025,238.0,879.9,0,34000
2025-06-16,Mentega,6,2025,214.6,778.8,0,41500
2025-06-23,Mentega,6,2025,208.1,850.6,0,39500
2025-06-30,Mentega,6,2025,109.5,364.4,0,33000
2025-07-07,Mentega,7,2025,116.6,677.3,0,32500
2025-07-14,Mentega,7,2025,197.1,1087.7,0,35000
2025-07-21,Mentega,7,2025,51.4,492.7,0,42500
2025-07-28,Mentega,7,2025,129.6,769.8,0,40500
2025-08-04,Mentega,8,2025,56.7,926.5,1,28500
2025-08-11,Mentega,8,2025,202.2,705.6,1,27000
2025-08-18,Mentega,8,2025,20.0,959.7,1,30000
2025-08-25,Mentega,8,2025,195.1,1163.3,1,27000
2025-09-01,Mentega,9,2025,198.9,1305.9,1,27000
2025-09-08,Mentega,9,2025,185.2,912.0,1,26500
2025-09-15,Mentega,9,2025,206.8,683.1,1,25500
2025-09-22,Mentega,9,2025,181.2,871.8,1,26500
2025-09-29,Mentega,9,2025,111.3,1233.8,1,28500
2025-10-06,Mentega,10,2025,117.8,827.2,1,27000
2025-10-13,Mentega,10,2025,167.2,1189.0,1,28000
2025-10-20,Mentega,10,2025,240.5,974.3,1,28500
2025-10-27,Mentega,10,2025,305.5,554.9,1,28000
2025-11-03,Mentega,11,2025,114.7,671.5,0,40000
2025-11-10,Mentega,11,2025,196.3,648.9,0,36500
2025-11-17,Mentega,11,2025,191.2,702.5,0,38500
2025-11-24,Mentega,11,2025,64.7,645.6,0,36000
2025-12-01,Mentega,12,2025,66.7,645.2,0,37500
2025-12-08,Mentega,12,2025,148.3,723.2,0,40000
2025-12-15,Mentega,12,2025,348.3,807.0,0,45500
2025-12-22,Mentega,12,2025,210.1,511.8,0,36000
2025-12-29,Mentega,12,2025,270.0,974.6,0,38500
2026-01-05,Mentega,1,2026,153.7,865.4,0,36000
2026-01-12,Mentega,1,2026,167.0,337.7,0,36000
2026-01-19,Mentega,1,2026,161.7,431.7,0,37000
2026-01-26,Mentega,1,2026,164.7,658.7,0,39000
2026-02-02,Mentega,2,2026,181.8,1114.5,1,26000
2026-02-09,Mentega,2,2026,269.1,954.2,1,30500
2026-02-16,Mentega,2,2026,233.8,1064.7,1,29000
2026-02-23,Mentega,2,2026,134.1,1304.1,1,24500
2026-03-02,Mentega,3,2026,80.9,512.2,1,28000
2026-03-09,Mentega,3,2026,184.1,1102.9,1,30000
2026-03-16,Mentega,3,2026,51.9,705.8,1,27500
2026-03-23,Mentega,3,2026,116.2,897.5,1,29500
2026-03-30,Mentega,3,2026,223.0,1010.0,1,25500
2026-04-06,Mentega,4,2026,128.0,862.1,1,26000
2026-04-13,Mentega,4,2026,211.5,1348.2,1,28500
2026-04-20,Mentega,4,2026,150.4,1395.1,1,27000
2026-04-27,Mentega,4,2026,231.1,901.0,1,26500
2026-05-04,Mentega,5,2026,33.1,407.4,0,45000
2026-05-11,Mentega,5,2026,51.4,641.8,0,44000
2026-05-18,Mentega,5,2026,198.0,675.7,0,39500
2026-05-25,Mentega,5,2026,134.9,655.1,0,39000
2026-06-01,Mentega,6,2026,81.4,629.1,0,38000
2021-01-04,Wina,1,2021,183.8,669.2,0,51500
2021-01-11,Wina,1,2021,50.6,698.9,0,51000
2021-01-18,Wina,1,2021,214.1,733.9,0,44500
2021-01-25,Wina,1,2021,219.0,478.3,0,50000
2021-02-01,Wina,2,2021,103.5,1071.2,1,37000
2021-02-08,Wina,2,2021,208.4,1131.4,1,34000
2021-02-15,Wina,2,2021,80.0,1160.6,1,34000
2021-02-22,Wina,2,2021,143.8,879.8,1,34500
2021-03-01,Wina,3,2021,348.0,920.0,1,32000
2021-03-08,Wina,3,2021,54.7,524.5,1,38000
2021-03-15,Wina,3,2021,30.7,1211.7,1,39500
2021-03-22,Wina,3,2021,53.6,749.1,1,35500
2021-03-29,Wina,3,2021,181.1,634.9,1,36000
2021-04-05,Wina,4,2021,234.9,467.4,1,40000
2021-04-12,Wina,4,2021,309.4,970.3,1,34000
2021-04-19,Wina,4,2021,73.6,1307.0,1,36000
2021-04-26,Wina,4,2021,63.9,946.9,1,33000
2021-05-03,Wina,5,2021,209.1,626.0,0,48500
2021-05-10,Wina,5,2021,20.0,795.2,0,48500
2021-05-17,Wina,5,2021,256.6,787.0,0,53000
2021-05-24,Wina,5,2021,188.8,977.7,0,45000
2021-05-31,Wina,5,2021,46.7,916.6,0,42000
2021-06-07,Wina,6,2021,93.0,496.3,0,46500
2021-06-14,Wina,6,2021,88.1,590.8,0,53500
2021-06-21,Wina,6,2021,275.5,493.4,0,46500
2021-06-28,Wina,6,2021,217.0,1020.3,0,45000
2021-07-05,Wina,7,2021,186.8,489.0,0,49000
2021-07-12,Wina,7,2021,221.8,747.9,0,52000
2021-07-19,Wina,7,2021,232.0,399.4,0,47500
2021-07-26,Wina,7,2021,100.2,645.2,0,49500
2021-08-02,Wina,8,2021,228.5,892.9,1,36000
2021-08-09,Wina,8,2021,251.0,1161.8,1,36000
2021-08-16,Wina,8,2021,233.3,1050.0,1,37500
2021-08-23,Wina,8,2021,130.6,582.0,1,32000
2021-08-30,Wina,8,2021,215.2,1116.9,1,38500
2021-09-06,Wina,9,2021,314.0,227.8,1,37500
2021-09-13,Wina,9,2021,235.6,1243.9,1,33000
2021-09-20,Wina,9,2021,174.3,895.5,1,38000
2021-09-27,Wina,9,2021,251.2,1150.9,1,34500
2021-10-04,Wina,10,2021,184.0,1560.1,1,33000
2021-10-11,Wina,10,2021,219.4,760.6,1,34000
2021-10-18,Wina,10,2021,267.8,642.0,1,32000
2021-10-25,Wina,10,2021,264.8,1084.7,1,38500
2021-11-01,Wina,11,2021,70.7,683.1,0,49000
2021-11-08,Wina,11,2021,97.7,412.2,0,45000
2021-11-15,Wina,11,2021,269.0,505.1,0,51500
2021-11-22,Wina,11,2021,137.1,296.0,0,50000
2021-11-29,Wina,11,2021,278.9,877.9,0,46000
2021-12-06,Wina,12,2021,269.4,954.9,0,50500
2021-12-13,Wina,12,2021,73.9,581.0,0,51000
2021-12-20,Wina,12,2021,207.5,704.9,0,48500
2021-12-27,Wina,12,2021,119.3,1077.2,0,46000
2022-01-03,Wina,1,2022,32.3,459.3,0,53000
2022-01-10,Wina,1,2022,127.0,486.0,0,48000
2022-01-17,Wina,1,2022,187.0,736.0,0,51500
2022-01-24,Wina,1,2022,194.9,1135.0,0,49500
2022-01-31,Wina,1,2022,275.2,864.1,0,48500
2022-02-07,Wina,2,2022,254.1,1280.9,1,35000
2022-02-14,Wina,2,2022,162.8,979.5,1,41000
2022-02-21,Wina,2,2022,238.0,862.7,1,36500
2022-02-28,Wina,2,2022,153.8,462.8,1,36000
2022-03-07,Wina,3,2022,219.8,1073.7,1,36000
2022-03-14,Wina,3,2022,110.8,858.8,1,39000
2022-03-21,Wina,3,2022,195.2,824.5,1,33000
2022-03-28,Wina,3,2022,181.3,899.7,1,39500
2022-04-04,Wina,4,2022,283.2,821.6,1,35000
2022-04-11,Wina,4,2022,208.7,1153.1,1,33500
2022-04-18,Wina,4,2022,110.4,953.8,1,33500
2022-04-25,Wina,4,2022,309.2,1211.6,1,38000
2022-05-02,Wina,5,2022,216.2,643.2,0,55500
2022-05-09,Wina,5,2022,293.4,883.0,0,48500
2022-05-16,Wina,5,2022,317.0,909.0,0,46500
2022-05-23,Wina,5,2022,42.6,725.8,0,55500
2022-05-30,Wina,5,2022,237.7,1058.3,0,52000
2022-06-06,Wina,6,2022,131.5,1107.3,0,52500
2022-06-13,Wina,6,2022,118.7,518.8,0,51000
2022-06-20,Wina,6,2022,182.0,302.7,0,47000
2022-06-27,Wina,6,2022,124.8,659.8,0,54000
2022-07-04,Wina,7,2022,79.5,870.9,0,50000
2022-07-11,Wina,7,2022,157.6,875.7,0,45500
2022-07-18,Wina,7,2022,225.6,806.2,0,54000
2022-07-25,Wina,7,2022,131.0,732.5,0,46500
2022-08-01,Wina,8,2022,71.9,554.1,1,37500
2022-08-08,Wina,8,2022,223.8,621.5,1,33500
2022-08-15,Wina,8,2022,161.6,695.3,1,36500
2022-08-22,Wina,8,2022,400.0,1262.1,1,38500
2022-08-29,Wina,8,2022,148.8,1363.4,1,37000
2022-09-05,Wina,9,2022,208.7,1091.4,1,36000
2022-09-12,Wina,9,2022,189.0,1508.3,1,34500
2022-09-19,Wina,9,2022,214.0,897.8,1,35500
2022-09-26,Wina,9,2022,66.6,1123.3,1,36500
2022-10-03,Wina,10,2022,132.6,1287.1,1,38000
2022-10-10,Wina,10,2022,287.3,259.9,1,37500
2022-10-17,Wina,10,2022,264.4,173.2,1,35000
2022-10-24,Wina,10,2022,223.9,1540.2,1,39500
2022-10-31,Wina,10,2022,106.6,711.4,1,34000
2022-11-07,Wina,11,2022,142.2,388.7,0,53500
2022-11-14,Wina,11,2022,194.1,615.2,0,52000
2022-11-21,Wina,11,2022,176.3,481.8,0,59000
2022-11-28,Wina,11,2022,256.7,706.8,0,57500
2022-12-05,Wina,12,2022,208.9,692.4,0,50500
2022-12-12,Wina,12,2022,165.1,372.2,0,54000
2022-12-19,Wina,12,2022,172.8,822.5,0,55000
2022-12-26,Wina,12,2022,124.1,623.0,0,55000
2023-01-02,Wina,1,2023,157.9,969.5,0,49000
2023-01-09,Wina,1,2023,183.5,607.3,0,48500
2023-01-16,Wina,1,2023,156.4,994.4,0,49000
2023-01-23,Wina,1,2023,124.9,566.6,0,50500
2023-01-30,Wina,1,2023,320.9,638.9,0,56500
2023-02-06,Wina,2,2023,89.0,1029.4,1,39000
2023-02-13,Wina,2,2023,216.6,1444.9,1,35500
2023-02-20,Wina,2,2023,243.1,588.8,1,39000
2023-02-27,Wina,2,2023,292.3,1133.1,1,37500
2023-03-06,Wina,3,2023,141.6,1008.3,1,40000
2023-03-13,Wina,3,2023,316.0,1229.5,1,39000
2023-03-20,Wina,3,2023,255.3,907.3,1,36000
2023-03-27,Wina,3,2023,112.2,736.9,1,37000
2023-04-03,Wina,4,2023,117.2,1237.5,1,35500
2023-04-10,Wina,4,2023,107.4,1397.0,1,38000
2023-04-17,Wina,4,2023,262.4,1182.8,1,37500
2023-04-24,Wina,4,2023,193.7,1140.7,1,34500
2023-05-01,Wina,5,2023,108.4,498.5,0,51500
2023-05-08,Wina,5,2023,247.9,408.7,0,55000
2023-05-15,Wina,5,2023,230.1,448.9,0,58500
2023-05-22,Wina,5,2023,208.0,353.0,0,52500
2023-05-29,Wina,5,2023,158.9,856.8,0,50500
2023-06-05,Wina,6,2023,206.8,660.0,0,58500
2023-06-12,Wina,6,2023,57.2,926.4,0,52000
2023-06-19,Wina,6,2023,172.2,524.7,0,59000
2023-06-26,Wina,6,2023,132.2,895.7,0,51000
2023-07-03,Wina,7,2023,286.8,865.1,0,53000
2023-07-10,Wina,7,2023,341.6,997.1,0,63500
2023-07-17,Wina,7,2023,151.9,895.4,0,56000
2023-07-24,Wina,7,2023,302.6,882.4,0,51000
2023-07-31,Wina,7,2023,209.4,210.1,0,58500
2023-08-07,Wina,8,2023,250.8,918.9,1,37500
2023-08-14,Wina,8,2023,95.3,1360.3,1,42000
2023-08-21,Wina,8,2023,180.3,547.3,1,40500
2023-08-28,Wina,8,2023,278.5,1501.8,1,36500
2023-09-04,Wina,9,2023,109.6,1236.3,1,38500
2023-09-11,Wina,9,2023,304.3,1244.5,1,36500
2023-09-18,Wina,9,2023,217.1,624.3,1,45500
2023-09-25,Wina,9,2023,199.3,613.5,1,38000
2023-10-02,Wina,10,2023,163.6,428.9,1,40000
2023-10-09,Wina,10,2023,174.1,854.2,1,35500
2023-10-16,Wina,10,2023,119.3,1002.6,1,41500
2023-10-23,Wina,10,2023,230.4,732.2,1,37500
2023-10-30,Wina,10,2023,129.5,977.1,1,41000
2023-11-06,Wina,11,2023,138.7,643.5,0,53000
2023-11-13,Wina,11,2023,120.3,594.3,0,48500
2023-11-20,Wina,11,2023,140.7,624.0,0,53000
2023-11-27,Wina,11,2023,160.7,282.9,0,57000
2023-12-04,Wina,12,2023,83.7,426.4,0,55500
2023-12-11,Wina,12,2023,151.8,1026.6,0,49500
2023-12-18,Wina,12,2023,227.6,619.3,0,49000
2023-12-25,Wina,12,2023,105.9,249.0,0,57000
2024-01-01,Wina,1,2024,151.2,732.9,0,55000
2024-01-08,Wina,1,2024,395.4,715.0,0,50500
2024-01-15,Wina,1,2024,29.1,654.9,0,54500
2024-01-22,Wina,1,2024,129.2,802.9,0,57500
2024-01-29,Wina,1,2024,218.6,728.5,0,56500
2024-02-05,Wina,2,2024,25.8,833.1,1,46000
2024-02-12,Wina,2,2024,316.2,956.8,1,31500
2024-02-19,Wina,2,2024,62.5,1184.2,1,40000
2024-02-26,Wina,2,2024,137.9,369.8,1,37000
2024-03-04,Wina,3,2024,207.6,1562.5,1,39000
2024-03-11,Wina,3,2024,81.3,1145.0,1,35500
2024-03-18,Wina,3,2024,249.1,994.3,1,38000
2024-03-25,Wina,3,2024,107.3,761.6,1,37500
2024-04-01,Wina,4,2024,145.6,635.3,1,37500
2024-04-08,Wina,4,2024,137.4,1320.0,1,38000
2024-04-15,Wina,4,2024,112.4,760.7,1,41500
2024-04-22,Wina,4,2024,125.4,733.3,1,39000
2024-04-29,Wina,4,2024,223.1,1135.2,1,39000
2024-05-06,Wina,5,2024,168.7,403.2,0,55500
2024-05-13,Wina,5,2024,159.1,482.6,0,53000
2024-05-20,Wina,5,2024,174.4,922.7,0,55500
2024-05-27,Wina,5,2024,163.5,104.0,0,50500
2024-06-03,Wina,6,2024,273.7,588.6,0,54500
2024-06-10,Wina,6,2024,91.2,841.1,0,55500
2024-06-17,Wina,6,2024,127.9,678.8,0,55000
2024-06-24,Wina,6,2024,139.0,627.9,0,55000
2024-07-01,Wina,7,2024,55.7,684.8,0,51000
2024-07-08,Wina,7,2024,206.4,494.0,0,55000
2024-07-15,Wina,7,2024,144.0,973.9,0,53000
2024-07-22,Wina,7,2024,208.7,786.3,0,55000
2024-07-29,Wina,7,2024,166.0,809.4,0,56000
2024-08-05,Wina,8,2024,283.7,717.5,1,39000
2024-08-12,Wina,8,2024,187.3,1075.4,1,36000
2024-08-19,Wina,8,2024,197.2,593.4,1,41500
2024-08-26,Wina,8,2024,108.9,1184.0,1,43000
2024-09-02,Wina,9,2024,297.8,591.9,1,40000
2024-09-09,Wina,9,2024,48.8,870.1,1,38000
2024-09-16,Wina,9,2024,87.6,994.9,1,40000
2024-09-23,Wina,9,2024,175.6,1133.5,1,34500
2024-09-30,Wina,9,2024,180.8,1309.4,1,40500
2024-10-07,Wina,10,2024,249.2,969.6,1,42000
2024-10-14,Wina,10,2024,235.9,699.4,1,39000
2024-10-21,Wina,10,2024,158.4,1136.0,1,37000
2024-10-28,Wina,10,2024,253.9,818.1,1,36000
2024-11-04,Wina,11,2024,198.3,1061.1,0,55000
2024-11-11,Wina,11,2024,31.9,443.0,0,57000
2024-11-18,Wina,11,2024,252.9,765.8,0,54500
2024-11-25,Wina,11,2024,112.3,1045.2,0,59000
2024-12-02,Wina,12,2024,47.6,431.4,0,62500
2024-12-09,Wina,12,2024,220.5,480.8,0,57000
2024-12-16,Wina,12,2024,191.9,583.7,0,53000
2024-12-23,Wina,12,2024,346.5,338.2,0,55500
2024-12-30,Wina,12,2024,27.4,445.9,0,62500
2025-01-06,Wina,1,2025,155.9,806.2,0,52500
2025-01-13,Wina,1,2025,30.8,950.8,0,58000
2025-01-20,Wina,1,2025,286.1,957.6,0,53500
2025-01-27,Wina,1,2025,58.5,100.0,0,58000
2025-02-03,Wina,2,2025,75.9,798.2,1,43500
2025-02-10,Wina,2,2025,212.9,896.7,1,40000
2025-02-17,Wina,2,2025,336.6,639.3,1,38500
2025-02-24,Wina,2,2025,184.7,1061.8,1,40500
2025-03-03,Wina,3,2025,193.6,1036.3,1,38000
2025-03-10,Wina,3,2025,133.1,965.6,1,44000
2025-03-17,Wina,3,2025,20.0,1085.5,1,45000
2025-03-24,Wina,3,2025,142.8,874.4,1,37500
2025-03-31,Wina,3,2025,37.0,881.6,1,43000
2025-04-07,Wina,4,2025,205.4,879.0,1,38000
2025-04-14,Wina,4,2025,137.7,1029.5,1,39500
2025-04-21,Wina,4,2025,320.4,981.5,1,42500
2025-04-28,Wina,4,2025,159.5,966.4,1,44000
2025-05-05,Wina,5,2025,297.2,543.5,0,62500
2025-05-12,Wina,5,2025,208.1,858.9,0,57000
2025-05-19,Wina,5,2025,192.2,1025.4,0,53000
2025-05-26,Wina,5,2025,273.2,658.7,0,56500
2025-06-02,Wina,6,2025,368.0,104.6,0,58500
2025-06-09,Wina,6,2025,240.8,1108.8,0,51000
2025-06-16,Wina,6,2025,263.3,833.2,0,55000
2025-06-23,Wina,6,2025,226.4,649.2,0,59000
2025-06-30,Wina,6,2025,121.6,728.4,0,55500
2025-07-07,Wina,7,2025,225.8,211.4,0,58000
2025-07-14,Wina,7,2025,155.9,456.8,0,54500
2025-07-21,Wina,7,2025,200.1,550.5,0,52500
2025-07-28,Wina,7,2025,263.9,1149.1,0,51500
2025-08-04,Wina,8,2025,131.0,881.1,1,36500
2025-08-11,Wina,8,2025,168.8,1120.0,1,39500
2025-08-18,Wina,8,2025,285.5,940.2,1,37500
2025-08-25,Wina,8,2025,172.9,907.3,1,39500
2025-09-01,Wina,9,2025,299.6,411.8,1,44500
2025-09-08,Wina,9,2025,217.9,848.8,1,43500
2025-09-15,Wina,9,2025,20.0,1129.1,1,41000
2025-09-22,Wina,9,2025,230.9,809.2,1,36000
2025-09-29,Wina,9,2025,131.2,100.0,1,42500
2025-10-06,Wina,10,2025,233.9,250.3,1,40000
2025-10-13,Wina,10,2025,85.1,742.6,1,43500
2025-10-20,Wina,10,2025,115.5,570.5,1,41000
2025-10-27,Wina,10,2025,110.8,964.1,1,37500
2025-11-03,Wina,11,2025,222.0,417.9,0,61000
2025-11-10,Wina,11,2025,154.0,423.5,0,60000
2025-11-17,Wina,11,2025,240.9,445.6,0,58000
2025-11-24,Wina,11,2025,257.8,411.5,0,60000
2025-12-01,Wina,12,2025,292.1,412.9,0,59500
2025-12-08,Wina,12,2025,163.5,768.9,0,67500
2025-12-15,Wina,12,2025,157.6,266.8,0,58500
2025-12-22,Wina,12,2025,321.3,939.0,0,60500
2025-12-29,Wina,12,2025,194.8,824.5,0,55500
2026-01-05,Wina,1,2026,282.3,767.0,0,59000
2026-01-12,Wina,1,2026,252.0,821.0,0,58000
2026-01-19,Wina,1,2026,85.8,1002.2,0,61000
2026-01-26,Wina,1,2026,47.5,558.5,0,65500
2026-02-02,Wina,2,2026,97.0,1393.6,1,40500
2026-02-09,Wina,2,2026,265.8,1076.6,1,39000
2026-02-16,Wina,2,2026,20.0,814.0,1,46500
2026-02-23,Wina,2,2026,94.3,1583.8,1,36500
2026-03-02,Wina,3,2026,195.2,1035.6,1,40000
2026-03-09,Wina,3,2026,194.8,1286.3,1,38500
2026-03-16,Wina,3,2026,400.0,475.1,1,41500
2026-03-23,Wina,3,2026,94.6,825.6,1,42500
2026-03-30,Wina,3,2026,262.9,1123.6,1,42000
2026-04-06,Wina,4,2026,274.6,1250.4,1,43000
2026-04-13,Wina,4,2026,200.2,724.6,1,37000
2026-04-20,Wina,4,2026,277.0,1436.0,1,44500
2026-04-27,Wina,4,2026,80.4,683.5,1,41000
2026-05-04,Wina,5,2026,119.2,811.7,0,58000
2026-05-11,Wina,5,2026,127.4,453.3,0,65000
2026-05-18,Wina,5,2026,182.0,651.7,0,57500
2026-05-25,Wina,5,2026,400.0,1077.2,0,54500
2026-06-01,Wina,6,2026,153.6,651.6,0,56000
2021-01-04,Aligator,1,2021,157.0,724.5,0,27500
2021-01-11,Aligator,1,2021,282.2,746.2,0,27500
2021-01-18,Aligator,1,2021,94.0,957.7,0,29500
2021-01-25,Aligator,1,2021,207.1,501.6,0,28000
2021-02-01,Aligator,2,2021,97.9,1228.2,1,22000
2021-02-08,Aligator,2,2021,320.9,909.1,1,23000
2021-02-15,Aligator,2,2021,41.0,849.2,1,22500
2021-02-22,Aligator,2,2021,175.7,623.6,1,23000
2021-03-01,Aligator,3,2021,365.6,1051.8,1,19000
2021-03-08,Aligator,3,2021,232.6,568.9,1,22500
2021-03-15,Aligator,3,2021,178.4,1251.8,1,18500
2021-03-22,Aligator,3,2021,207.6,1271.1,1,21000
2021-03-29,Aligator,3,2021,289.3,535.0,1,21000
2021-04-05,Aligator,4,2021,20.0,1161.4,1,22500
2021-04-12,Aligator,4,2021,278.4,1344.0,1,20500
2021-04-19,Aligator,4,2021,234.3,912.0,1,20000
2021-04-26,Aligator,4,2021,152.7,913.4,1,21000
2021-05-03,Aligator,5,2021,186.3,251.1,0,27500
2021-05-10,Aligator,5,2021,101.6,212.9,0,31000
2021-05-17,Aligator,5,2021,36.5,401.1,0,33500
2021-05-24,Aligator,5,2021,117.7,844.1,0,27000
2021-05-31,Aligator,5,2021,375.6,611.1,0,27500
2021-06-07,Aligator,6,2021,98.1,481.3,0,27000
2021-06-14,Aligator,6,2021,353.2,881.5,0,31000
2021-06-21,Aligator,6,2021,253.6,470.4,0,31000
2021-06-28,Aligator,6,2021,163.7,837.6,0,28500
2021-07-05,Aligator,7,2021,144.8,1189.3,0,26000
2021-07-12,Aligator,7,2021,276.2,821.1,0,27000
2021-07-19,Aligator,7,2021,113.5,760.4,0,30500
2021-07-26,Aligator,7,2021,224.8,533.7,0,28000
2021-08-02,Aligator,8,2021,140.6,1148.0,1,21000
2021-08-09,Aligator,8,2021,290.3,905.9,1,21000
2021-08-16,Aligator,8,2021,247.5,1600.1,1,19000
2021-08-23,Aligator,8,2021,190.5,783.4,1,20500
2021-08-30,Aligator,8,2021,244.6,792.0,1,20000
2021-09-06,Aligator,9,2021,206.1,1260.1,1,23000
2021-09-13,Aligator,9,2021,135.3,1073.1,1,22000
2021-09-20,Aligator,9,2021,58.3,1419.7,1,26000
2021-09-27,Aligator,9,2021,251.1,1313.8,1,21500
2021-10-04,Aligator,10,2021,191.6,792.6,1,20000
2021-10-11,Aligator,10,2021,307.1,795.6,1,20500
2021-10-18,Aligator,10,2021,149.0,830.7,1,20500
2021-10-25,Aligator,10,2021,79.6,1083.6,1,17500
2021-11-01,Aligator,11,2021,267.1,602.4,0,29500
2021-11-08,Aligator,11,2021,86.3,779.7,0,26500
2021-11-15,Aligator,11,2021,192.5,883.6,0,30500
2021-11-22,Aligator,11,2021,73.1,556.6,0,31500
2021-11-29,Aligator,11,2021,172.7,728.8,0,27500
2021-12-06,Aligator,12,2021,95.2,792.5,0,28500
2021-12-13,Aligator,12,2021,258.2,252.1,0,29500
2021-12-20,Aligator,12,2021,290.9,121.3,0,29000
2021-12-27,Aligator,12,2021,99.2,634.4,0,29000
2022-01-03,Aligator,1,2022,233.2,400.5,0,28500
2022-01-10,Aligator,1,2022,219.7,619.9,0,28500
2022-01-17,Aligator,1,2022,334.8,644.8,0,32000
2022-01-24,Aligator,1,2022,220.2,627.4,0,28500
2022-01-31,Aligator,1,2022,227.7,766.4,0,29500
2022-02-07,Aligator,2,2022,132.2,1311.7,1,19500
2022-02-14,Aligator,2,2022,307.9,1067.5,1,22000
2022-02-21,Aligator,2,2022,192.8,805.8,1,22500
2022-02-28,Aligator,2,2022,94.4,1091.1,1,19500
2022-03-07,Aligator,3,2022,211.9,664.3,1,22000
2022-03-14,Aligator,3,2022,157.3,804.7,1,19000
2022-03-21,Aligator,3,2022,20.0,778.8,1,24500
2022-03-28,Aligator,3,2022,328.6,1627.2,1,23000
2022-04-04,Aligator,4,2022,276.4,787.4,1,19000
2022-04-11,Aligator,4,2022,214.7,1326.8,1,22500
2022-04-18,Aligator,4,2022,159.0,1628.2,1,22000
2022-04-25,Aligator,4,2022,131.0,1060.0,1,23500
2022-05-02,Aligator,5,2022,179.9,663.1,0,30500
2022-05-09,Aligator,5,2022,107.3,907.5,0,28000
2022-05-16,Aligator,5,2022,108.7,717.9,0,29500
2022-05-23,Aligator,5,2022,349.6,686.5,0,32000
2022-05-30,Aligator,5,2022,198.3,1010.3,0,28000
2022-06-06,Aligator,6,2022,252.3,937.4,0,31500
2022-06-13,Aligator,6,2022,78.4,669.0,0,31500
2022-06-20,Aligator,6,2022,128.9,838.2,0,27000
2022-06-27,Aligator,6,2022,333.6,411.4,0,30000
2022-07-04,Aligator,7,2022,187.5,991.5,0,29000
2022-07-11,Aligator,7,2022,287.0,1037.8,0,28000
2022-07-18,Aligator,7,2022,260.0,933.2,0,32500
2022-07-25,Aligator,7,2022,232.0,541.4,0,32500
2022-08-01,Aligator,8,2022,216.1,1602.9,1,20500
2022-08-08,Aligator,8,2022,243.3,1214.6,1,20000
2022-08-15,Aligator,8,2022,44.6,1149.3,1,23000
2022-08-22,Aligator,8,2022,235.4,1190.8,1,20000
2022-08-29,Aligator,8,2022,157.3,1084.5,1,24000
2022-09-05,Aligator,9,2022,21.7,992.8,1,23000
2022-09-12,Aligator,9,2022,241.1,505.4,1,20500
2022-09-19,Aligator,9,2022,188.8,1002.5,1,22000
2022-09-26,Aligator,9,2022,124.6,810.6,1,23500
2022-10-03,Aligator,10,2022,59.3,574.9,1,23000
2022-10-10,Aligator,10,2022,177.2,1275.6,1,20500
2022-10-17,Aligator,10,2022,242.6,786.5,1,23500
2022-10-24,Aligator,10,2022,224.1,1086.8,1,20500
2022-10-31,Aligator,10,2022,180.6,323.3,1,22500
2022-11-07,Aligator,11,2022,357.0,827.2,0,30500
2022-11-14,Aligator,11,2022,169.7,816.6,0,30500
2022-11-21,Aligator,11,2022,242.0,602.1,0,33000
2022-11-28,Aligator,11,2022,212.2,482.2,0,34000
2022-12-05,Aligator,12,2022,272.1,705.1,0,29500
2022-12-12,Aligator,12,2022,163.7,1175.6,0,28000
2022-12-19,Aligator,12,2022,264.0,774.0,0,30500
2022-12-26,Aligator,12,2022,187.3,1141.7,0,28500
2023-01-02,Aligator,1,2023,363.6,511.1,0,36000
2023-01-09,Aligator,1,2023,277.5,832.6,0,34000
2023-01-16,Aligator,1,2023,154.8,599.5,0,31000
2023-01-23,Aligator,1,2023,265.2,898.8,0,32000
2023-01-30,Aligator,1,2023,113.0,799.0,0,32500
2023-02-06,Aligator,2,2023,213.9,970.9,1,20500
2023-02-13,Aligator,2,2023,74.7,143.9,1,22500
2023-02-20,Aligator,2,2023,400.0,1563.7,1,24500
2023-02-27,Aligator,2,2023,135.1,457.9,1,21000
2023-03-06,Aligator,3,2023,220.8,779.2,1,22000
2023-03-13,Aligator,3,2023,326.2,977.5,1,24500
2023-03-20,Aligator,3,2023,243.5,929.8,1,21000
2023-03-27,Aligator,3,2023,167.3,547.8,1,21000
2023-04-03,Aligator,4,2023,122.8,1162.9,1,20500
2023-04-10,Aligator,4,2023,193.4,965.3,1,21000
2023-04-17,Aligator,4,2023,294.3,519.8,1,21000
2023-04-24,Aligator,4,2023,206.3,963.1,1,20000
2023-05-01,Aligator,5,2023,124.6,243.0,0,33000
2023-05-08,Aligator,5,2023,343.4,676.1,0,36500
2023-05-15,Aligator,5,2023,199.9,335.9,0,31500
2023-05-22,Aligator,5,2023,135.0,851.1,0,30000
2023-05-29,Aligator,5,2023,94.9,531.8,0,31000
2023-06-05,Aligator,6,2023,73.9,305.2,0,29000
2023-06-12,Aligator,6,2023,178.7,797.3,0,32500
2023-06-19,Aligator,6,2023,155.0,578.9,0,33500
2023-06-26,Aligator,6,2023,106.4,602.7,0,30000
2023-07-03,Aligator,7,2023,203.1,695.7,0,34000
2023-07-10,Aligator,7,2023,163.8,799.0,0,31000
2023-07-17,Aligator,7,2023,185.5,579.1,0,34500
2023-07-24,Aligator,7,2023,111.8,387.9,0,31500
2023-07-31,Aligator,7,2023,20.0,616.8,0,31000
2023-08-07,Aligator,8,2023,232.4,1187.8,1,21500
2023-08-14,Aligator,8,2023,213.6,878.1,1,22000
2023-08-21,Aligator,8,2023,149.4,920.0,1,22000
2023-08-28,Aligator,8,2023,85.3,1015.1,1,23500
2023-09-04,Aligator,9,2023,176.4,1045.1,1,20500
2023-09-11,Aligator,9,2023,273.7,823.6,1,22500
2023-09-18,Aligator,9,2023,274.6,1038.1,1,24000
2023-09-25,Aligator,9,2023,137.7,543.6,1,23000
2023-10-02,Aligator,10,2023,279.0,1101.4,1,20500
2023-10-09,Aligator,10,2023,155.2,740.4,1,20500
2023-10-16,Aligator,10,2023,308.7,1174.7,1,24000
2023-10-23,Aligator,10,2023,143.0,1410.1,1,21500
2023-10-30,Aligator,10,2023,283.7,641.8,1,21000
2023-11-06,Aligator,11,2023,167.9,537.4,0,31000
2023-11-13,Aligator,11,2023,143.8,562.8,0,29500
2023-11-20,Aligator,11,2023,162.8,849.7,0,29500
2023-11-27,Aligator,11,2023,205.6,1113.5,0,30500
2023-12-04,Aligator,12,2023,259.7,575.4,0,31500
2023-12-11,Aligator,12,2023,92.2,330.3,0,33500
2023-12-18,Aligator,12,2023,275.4,725.0,0,37000
2023-12-25,Aligator,12,2023,57.4,581.1,0,37000
2024-01-01,Aligator,1,2024,243.0,691.1,0,32000
2024-01-08,Aligator,1,2024,235.9,627.9,0,34000
2024-01-15,Aligator,1,2024,211.8,472.6,0,31500
2024-01-22,Aligator,1,2024,275.5,515.9,0,34500
2024-01-29,Aligator,1,2024,225.7,727.4,0,34000
2024-02-05,Aligator,2,2024,170.0,788.4,1,22000
2024-02-12,Aligator,2,2024,335.2,594.9,1,25500
2024-02-19,Aligator,2,2024,66.8,985.0,1,25000
2024-02-26,Aligator,2,2024,112.4,687.4,1,20500
2024-03-04,Aligator,3,2024,328.4,970.1,1,24500
2024-03-11,Aligator,3,2024,168.3,1272.2,1,22500
2024-03-18,Aligator,3,2024,217.9,730.4,1,24500
2024-03-25,Aligator,3,2024,232.7,937.2,1,24500
2024-04-01,Aligator,4,2024,134.3,1023.7,1,23500
2024-04-08,Aligator,4,2024,136.0,762.9,1,21000
2024-04-15,Aligator,4,2024,248.3,806.0,1,24500
2024-04-22,Aligator,4,2024,168.5,832.1,1,23000
2024-04-29,Aligator,4,2024,205.2,1547.3,1,21000
2024-05-06,Aligator,5,2024,221.6,705.0,0,30500
2024-05-13,Aligator,5,2024,212.8,854.9,0,33500
2024-05-20,Aligator,5,2024,173.3,654.9,0,35000
2024-05-27,Aligator,5,2024,150.6,560.3,0,34500
2024-06-03,Aligator,6,2024,280.2,581.5,0,32000
2024-06-10,Aligator,6,2024,186.2,686.9,0,31500
2024-06-17,Aligator,6,2024,210.4,931.5,0,36000
2024-06-24,Aligator,6,2024,20.0,757.5,0,35500
2024-07-01,Aligator,7,2024,136.1,701.3,0,30000
2024-07-08,Aligator,7,2024,44.9,558.3,0,37000
2024-07-15,Aligator,7,2024,164.4,217.2,0,35500
2024-07-22,Aligator,7,2024,177.6,532.5,0,35000
2024-07-29,Aligator,7,2024,161.4,1147.4,0,30500
2024-08-05,Aligator,8,2024,371.3,1061.5,1,21500
2024-08-12,Aligator,8,2024,129.6,770.5,1,21000
2024-08-19,Aligator,8,2024,101.2,1006.3,1,23500
2024-08-26,Aligator,8,2024,133.7,763.7,1,23000
2024-09-02,Aligator,9,2024,353.6,552.8,1,22000
2024-09-09,Aligator,9,2024,90.2,747.5,1,21500
2024-09-16,Aligator,9,2024,202.4,1212.5,1,23500
2024-09-23,Aligator,9,2024,259.6,598.3,1,21000
2024-09-30,Aligator,9,2024,102.9,588.7,1,25000
2024-10-07,Aligator,10,2024,177.6,463.6,1,24000
2024-10-14,Aligator,10,2024,195.4,1309.3,1,22000
2024-10-21,Aligator,10,2024,182.8,965.8,1,22000
2024-10-28,Aligator,10,2024,198.8,779.1,1,24000
2024-11-04,Aligator,11,2024,236.8,1077.9,0,31500
2024-11-11,Aligator,11,2024,206.3,877.5,0,33000
2024-11-18,Aligator,11,2024,244.7,510.0,0,30500
2024-11-25,Aligator,11,2024,241.1,831.1,0,34500
2024-12-02,Aligator,12,2024,133.9,331.9,0,34500
2024-12-09,Aligator,12,2024,172.6,610.5,0,32500
2024-12-16,Aligator,12,2024,171.6,529.3,0,35500
2024-12-23,Aligator,12,2024,147.4,1061.9,0,31000
2024-12-30,Aligator,12,2024,184.0,1063.6,0,30500
2025-01-06,Aligator,1,2025,186.4,452.3,0,35500
2025-01-13,Aligator,1,2025,240.8,411.9,0,37500
2025-01-20,Aligator,1,2025,107.1,377.6,0,37500
2025-01-27,Aligator,1,2025,241.6,725.1,0,35000
2025-02-03,Aligator,2,2025,167.1,742.9,1,23500
2025-02-10,Aligator,2,2025,92.9,1276.8,1,26500
2025-02-17,Aligator,2,2025,277.0,760.0,1,26500
2025-02-24,Aligator,2,2025,165.0,1332.6,1,22000
2025-03-03,Aligator,3,2025,93.3,1593.4,1,22500
2025-03-10,Aligator,3,2025,240.0,918.5,1,20500
2025-03-17,Aligator,3,2025,87.3,466.2,1,22500
2025-03-24,Aligator,3,2025,129.2,995.3,1,24000
2025-03-31,Aligator,3,2025,315.8,732.8,1,24500
2025-04-07,Aligator,4,2025,20.0,911.2,1,24000
2025-04-14,Aligator,4,2025,175.5,1063.3,1,24000
2025-04-21,Aligator,4,2025,180.3,1312.3,1,25000
2025-04-28,Aligator,4,2025,58.5,161.9,1,26000
2025-05-05,Aligator,5,2025,177.2,880.0,0,33500
2025-05-12,Aligator,5,2025,197.8,1014.3,0,29500
2025-05-19,Aligator,5,2025,189.0,592.3,0,34500
2025-05-26,Aligator,5,2025,148.6,564.9,0,32000
2025-06-02,Aligator,6,2025,300.7,614.1,0,31000
2025-06-09,Aligator,6,2025,73.7,598.0,0,36500
2025-06-16,Aligator,6,2025,258.1,702.7,0,34500
2025-06-23,Aligator,6,2025,172.2,467.4,0,31000
2025-06-30,Aligator,6,2025,334.8,717.9,0,35000
2025-07-07,Aligator,7,2025,20.0,569.8,0,37000
2025-07-14,Aligator,7,2025,238.8,100.0,0,35500
2025-07-21,Aligator,7,2025,48.3,850.6,0,34500
2025-07-28,Aligator,7,2025,129.9,698.9,0,30000
2025-08-04,Aligator,8,2025,111.5,613.7,1,24000
2025-08-11,Aligator,8,2025,137.0,854.6,1,26500
2025-08-18,Aligator,8,2025,183.6,1104.8,1,26000
2025-08-25,Aligator,8,2025,141.5,1497.7,1,27500
2025-09-01,Aligator,9,2025,179.6,1310.6,1,22500
2025-09-08,Aligator,9,2025,221.6,987.8,1,26000
2025-09-15,Aligator,9,2025,54.3,1277.0,1,28000
2025-09-22,Aligator,9,2025,89.5,1396.2,1,23500
2025-09-29,Aligator,9,2025,208.4,1355.1,1,25000
2025-10-06,Aligator,10,2025,136.3,982.9,1,22000
2025-10-13,Aligator,10,2025,20.0,1152.7,1,26500
2025-10-20,Aligator,10,2025,196.9,1311.0,1,23000
2025-10-27,Aligator,10,2025,113.1,1357.5,1,24500
2025-11-03,Aligator,11,2025,109.0,613.9,0,34500
2025-11-10,Aligator,11,2025,240.8,550.1,0,37000
2025-11-17,Aligator,11,2025,219.5,1140.7,0,33500
2025-11-24,Aligator,11,2025,169.4,599.0,0,31000
2025-12-01,Aligator,12,2025,93.6,467.1,0,33500
2025-12-08,Aligator,12,2025,174.6,791.3,0,36000
2025-12-15,Aligator,12,2025,59.0,821.0,0,40500
2025-12-22,Aligator,12,2025,201.0,536.5,0,35500
2025-12-29,Aligator,12,2025,127.4,743.7,0,35500
2026-01-05,Aligator,1,2026,168.9,1039.5,0,31000
2026-01-12,Aligator,1,2026,152.7,836.5,0,35000
2026-01-19,Aligator,1,2026,149.4,529.8,0,34000
2026-01-26,Aligator,1,2026,125.6,482.9,0,35000
2026-02-02,Aligator,2,2026,203.5,941.7,1,23000
2026-02-09,Aligator,2,2026,108.6,1093.8,1,25000
2026-02-16,Aligator,2,2026,291.6,614.2,1,25500
2026-02-23,Aligator,2,2026,166.5,921.3,1,25000
2026-03-02,Aligator,3,2026,263.7,1195.2,1,25000
2026-03-09,Aligator,3,2026,132.9,1484.3,1,23500
2026-03-16,Aligator,3,2026,266.7,1393.1,1,26000
2026-03-23,Aligator,3,2026,304.6,345.0,1,23500
2026-03-30,Aligator,3,2026,193.6,1220.3,1,25500
2026-04-06,Aligator,4,2026,362.3,383.6,1,24000
2026-04-13,Aligator,4,2026,20.0,995.7,1,23500
2026-04-20,Aligator,4,2026,171.4,1017.6,1,27000
2026-04-27,Aligator,4,2026,232.0,1168.8,1,23000
2026-05-04,Aligator,5,2026,202.8,713.8,0,37500
2026-05-11,Aligator,5,2026,317.5,145.2,0,36000
2026-05-18,Aligator,5,2026,154.1,340.3,0,31500
2026-05-25,Aligator,5,2026,212.3,510.5,0,34500
2026-06-01,Aligator,6,2026,215.1,192.4,0,35000
2021-01-04,Kendil,1,2021,251.1,826.8,0,38000
2021-01-11,Kendil,1,2021,268.6,606.0,0,36500
2021-01-18,Kendil,1,2021,226.1,684.8,0,40500
2021-01-25,Kendil,1,2021,209.6,711.9,0,41000
2021-02-01,Kendil,2,2021,68.2,1342.4,1,28000
2021-02-08,Kendil,2,2021,166.8,1334.1,1,27500
2021-02-15,Kendil,2,2021,286.4,1289.9,1,30500
2021-02-22,Kendil,2,2021,110.3,862.7,1,32000
2021-03-01,Kendil,3,2021,266.5,853.8,1,26000
2021-03-08,Kendil,3,2021,327.9,1235.6,1,28000
2021-03-15,Kendil,3,2021,201.0,364.7,1,29000
2021-03-22,Kendil,3,2021,20.0,1340.9,1,31500
2021-03-29,Kendil,3,2021,119.1,858.3,1,27500
2021-04-05,Kendil,4,2021,188.7,415.8,1,26500
2021-04-12,Kendil,4,2021,259.7,1156.1,1,26500
2021-04-19,Kendil,4,2021,59.0,1001.4,1,31000
2021-04-26,Kendil,4,2021,224.2,1188.3,1,25500
2021-05-03,Kendil,5,2021,119.1,714.7,0,40500
2021-05-10,Kendil,5,2021,140.4,563.1,0,43500
2021-05-17,Kendil,5,2021,203.7,779.9,0,36500
2021-05-24,Kendil,5,2021,87.4,366.9,0,40500
2021-05-31,Kendil,5,2021,233.0,932.2,0,39500
2021-06-07,Kendil,6,2021,247.4,909.5,0,40500
2021-06-14,Kendil,6,2021,87.5,828.4,0,37000
2021-06-21,Kendil,6,2021,188.6,698.0,0,44000
2021-06-28,Kendil,6,2021,282.7,807.2,0,43500
2021-07-05,Kendil,7,2021,143.1,774.6,0,41000
2021-07-12,Kendil,7,2021,264.3,621.7,0,43500
2021-07-19,Kendil,7,2021,112.4,860.2,0,38500
2021-07-26,Kendil,7,2021,52.4,694.3,0,45000
2021-08-02,Kendil,8,2021,81.1,1148.0,1,29500
2021-08-09,Kendil,8,2021,109.4,702.2,1,31000
2021-08-16,Kendil,8,2021,198.3,940.1,1,28000
2021-08-23,Kendil,8,2021,96.5,486.5,1,29000
2021-08-30,Kendil,8,2021,219.8,821.6,1,31500
2021-09-06,Kendil,9,2021,120.6,1091.8,1,31000
2021-09-13,Kendil,9,2021,105.8,758.0,1,29500
2021-09-20,Kendil,9,2021,157.9,930.3,1,26500
2021-09-27,Kendil,9,2021,88.5,1072.5,1,32500
2021-10-04,Kendil,10,2021,79.1,1292.3,1,31000
2021-10-11,Kendil,10,2021,257.8,902.3,1,31500
2021-10-18,Kendil,10,2021,200.4,1037.2,1,30500
2021-10-25,Kendil,10,2021,92.7,1160.7,1,30000
2021-11-01,Kendil,11,2021,191.1,591.7,0,45000
2021-11-08,Kendil,11,2021,42.2,260.9,0,45500
2021-11-15,Kendil,11,2021,226.7,690.9,0,39500
2021-11-22,Kendil,11,2021,291.5,775.1,0,46000
2021-11-29,Kendil,11,2021,102.7,1097.8,0,36000
2021-12-06,Kendil,12,2021,137.0,887.5,0,37500
2021-12-13,Kendil,12,2021,317.5,613.9,0,43000
2021-12-20,Kendil,12,2021,248.2,387.3,0,46500
2021-12-27,Kendil,12,2021,181.1,621.4,0,38000
2022-01-03,Kendil,1,2022,244.7,608.1,0,38000
2022-01-10,Kendil,1,2022,162.3,711.4,0,41000
2022-01-17,Kendil,1,2022,134.7,873.6,0,41500
2022-01-24,Kendil,1,2022,101.2,846.0,0,45000
2022-01-31,Kendil,1,2022,261.7,886.4,0,41000
2022-02-07,Kendil,2,2022,93.6,876.2,1,29500
2022-02-14,Kendil,2,2022,179.4,991.0,1,29500
2022-02-21,Kendil,2,2022,283.3,1182.7,1,31500
2022-02-28,Kendil,2,2022,310.8,1349.6,1,28000
2022-03-07,Kendil,3,2022,159.7,763.4,1,27000
2022-03-14,Kendil,3,2022,185.4,340.5,1,33000
2022-03-21,Kendil,3,2022,139.0,624.5,1,31000
2022-03-28,Kendil,3,2022,178.7,914.8,1,29500
2022-04-04,Kendil,4,2022,318.1,1117.8,1,30500
2022-04-11,Kendil,4,2022,126.6,723.8,1,31500
2022-04-18,Kendil,4,2022,214.0,1136.2,1,29000
2022-04-25,Kendil,4,2022,125.7,100.0,1,31500
2022-05-02,Kendil,5,2022,82.4,701.0,0,41500
2022-05-09,Kendil,5,2022,245.1,709.7,0,42000
2022-05-16,Kendil,5,2022,291.1,597.9,0,48500
2022-05-23,Kendil,5,2022,50.7,677.0,0,44500
2022-05-30,Kendil,5,2022,169.3,823.0,0,46500
2022-06-06,Kendil,6,2022,116.0,682.1,0,38500
2022-06-13,Kendil,6,2022,348.6,571.3,0,44500
2022-06-20,Kendil,6,2022,128.7,930.1,0,44000
2022-06-27,Kendil,6,2022,182.8,370.0,0,48000
2022-07-04,Kendil,7,2022,218.4,446.6,0,44500
2022-07-11,Kendil,7,2022,103.0,840.8,0,47500
2022-07-18,Kendil,7,2022,161.5,506.0,0,48500
2022-07-25,Kendil,7,2022,124.0,513.4,0,43000
2022-08-01,Kendil,8,2022,64.5,824.3,1,29000
2022-08-08,Kendil,8,2022,199.4,876.1,1,30000
2022-08-15,Kendil,8,2022,220.8,1374.5,1,29000
2022-08-22,Kendil,8,2022,142.5,1356.7,1,28500
2022-08-29,Kendil,8,2022,226.2,878.8,1,33500
2022-09-05,Kendil,9,2022,141.3,1095.1,1,31000
2022-09-12,Kendil,9,2022,212.8,1088.3,1,29000
2022-09-19,Kendil,9,2022,177.0,1034.1,1,27000
2022-09-26,Kendil,9,2022,237.8,973.0,1,32000
2022-10-03,Kendil,10,2022,221.4,364.2,1,30500
2022-10-10,Kendil,10,2022,196.8,803.4,1,32500
2022-10-17,Kendil,10,2022,181.5,1070.2,1,29500
2022-10-24,Kendil,10,2022,203.3,1276.0,1,28000
2022-10-31,Kendil,10,2022,182.7,1159.3,1,30500
2022-11-07,Kendil,11,2022,180.1,710.7,0,48500
2022-11-14,Kendil,11,2022,157.2,1200.3,0,44000
2022-11-21,Kendil,11,2022,268.3,686.0,0,40000
2022-11-28,Kendil,11,2022,147.4,695.9,0,45000
2022-12-05,Kendil,12,2022,60.2,1041.6,0,39500
2022-12-12,Kendil,12,2022,237.8,818.3,0,42500
2022-12-19,Kendil,12,2022,100.4,668.6,0,44000
2022-12-26,Kendil,12,2022,159.8,566.1,0,45500
2023-01-02,Kendil,1,2023,231.6,683.1,0,39500
2023-01-09,Kendil,1,2023,242.6,100.0,0,44500
2023-01-16,Kendil,1,2023,202.3,743.6,0,40500
2023-01-23,Kendil,1,2023,101.7,360.8,0,44000
2023-01-30,Kendil,1,2023,20.0,599.3,0,46000
2023-02-06,Kendil,2,2023,138.4,1096.7,1,28500
2023-02-13,Kendil,2,2023,119.9,340.5,1,31000
2023-02-20,Kendil,2,2023,210.1,893.2,1,28000
2023-02-27,Kendil,2,2023,233.0,653.3,1,32000
2023-03-06,Kendil,3,2023,153.1,1136.6,1,30000
2023-03-13,Kendil,3,2023,151.6,1105.6,1,29000
2023-03-20,Kendil,3,2023,249.4,1106.2,1,32000
2023-03-27,Kendil,3,2023,177.7,577.1,1,30000
2023-04-03,Kendil,4,2023,164.1,1215.6,1,30000
2023-04-10,Kendil,4,2023,149.7,973.8,1,32000
2023-04-17,Kendil,4,2023,299.2,827.0,1,29000
2023-04-24,Kendil,4,2023,199.8,1441.7,1,30500
2023-05-01,Kendil,5,2023,109.4,833.3,0,48500
2023-05-08,Kendil,5,2023,115.0,623.9,0,44500
2023-05-15,Kendil,5,2023,211.4,131.8,0,45500
2023-05-22,Kendil,5,2023,188.8,787.2,0,44000
2023-05-29,Kendil,5,2023,184.6,954.0,0,42500
2023-06-05,Kendil,6,2023,157.9,800.2,0,39500
2023-06-12,Kendil,6,2023,113.7,683.8,0,40500
2023-06-19,Kendil,6,2023,137.3,727.6,0,43500
2023-06-26,Kendil,6,2023,280.6,412.9,0,45000
2023-07-03,Kendil,7,2023,249.5,345.2,0,41500
2023-07-10,Kendil,7,2023,160.9,476.0,0,50000
2023-07-17,Kendil,7,2023,215.6,554.0,0,43500
2023-07-24,Kendil,7,2023,228.7,447.5,0,48500
2023-07-31,Kendil,7,2023,146.0,833.7,0,42500
2023-08-07,Kendil,8,2023,146.2,1026.3,1,32000
2023-08-14,Kendil,8,2023,99.0,468.3,1,29500
2023-08-21,Kendil,8,2023,127.4,466.3,1,28500
2023-08-28,Kendil,8,2023,145.4,1028.2,1,31000
2023-09-04,Kendil,9,2023,64.0,1182.5,1,31000
2023-09-11,Kendil,9,2023,115.0,896.1,1,29000
2023-09-18,Kendil,9,2023,204.3,752.1,1,36000
2023-09-25,Kendil,9,2023,189.0,1191.4,1,31500
2023-10-02,Kendil,10,2023,89.5,1297.5,1,35000
2023-10-09,Kendil,10,2023,187.8,654.2,1,34500
2023-10-16,Kendil,10,2023,244.8,1067.9,1,31500
2023-10-23,Kendil,10,2023,174.0,677.2,1,32000
2023-10-30,Kendil,10,2023,99.4,1340.1,1,26500
2023-11-06,Kendil,11,2023,257.6,758.2,0,45000
2023-11-13,Kendil,11,2023,158.0,624.4,0,50000
2023-11-20,Kendil,11,2023,156.8,491.0,0,46000
2023-11-27,Kendil,11,2023,282.7,627.3,0,47000
2023-12-04,Kendil,12,2023,79.3,829.1,0,47500
2023-12-11,Kendil,12,2023,147.7,783.5,0,44500
2023-12-18,Kendil,12,2023,106.6,771.6,0,49000
2023-12-25,Kendil,12,2023,195.9,679.7,0,45500
2024-01-01,Kendil,1,2024,221.8,707.7,0,43500
2024-01-08,Kendil,1,2024,148.6,492.2,0,47500
2024-01-15,Kendil,1,2024,262.7,505.4,0,45500
2024-01-22,Kendil,1,2024,20.0,224.0,0,48000
2024-01-29,Kendil,1,2024,290.3,726.6,0,45000
2024-02-05,Kendil,2,2024,20.0,1013.6,1,34500
2024-02-12,Kendil,2,2024,328.6,1205.3,1,34500
2024-02-19,Kendil,2,2024,371.4,909.4,1,35000
2024-02-26,Kendil,2,2024,205.0,1481.4,1,30000
2024-03-04,Kendil,3,2024,184.4,800.4,1,33000
2024-03-11,Kendil,3,2024,101.5,705.0,1,33500
2024-03-18,Kendil,3,2024,283.5,704.5,1,33500
2024-03-25,Kendil,3,2024,184.6,1058.0,1,30500
2024-04-01,Kendil,4,2024,181.7,322.0,1,35000
2024-04-08,Kendil,4,2024,142.1,955.0,1,32500
2024-04-15,Kendil,4,2024,163.2,1628.0,1,30500
2024-04-22,Kendil,4,2024,181.1,583.1,1,32000
2024-04-29,Kendil,4,2024,259.1,1185.2,1,32000
2024-05-06,Kendil,5,2024,198.6,775.6,0,48500
2024-05-13,Kendil,5,2024,182.4,1212.5,0,42500
2024-05-20,Kendil,5,2024,110.1,872.7,0,44500
2024-05-27,Kendil,5,2024,190.6,873.4,0,47000
2024-06-03,Kendil,6,2024,178.8,262.9,0,48500
2024-06-10,Kendil,6,2024,27.5,579.7,0,53000
2024-06-17,Kendil,6,2024,82.7,402.9,0,50000
2024-06-24,Kendil,6,2024,181.6,973.4,0,41500
2024-07-01,Kendil,7,2024,153.2,404.7,0,46500
2024-07-08,Kendil,7,2024,163.6,699.2,0,48000
2024-07-15,Kendil,7,2024,85.7,638.5,0,47000
2024-07-22,Kendil,7,2024,55.6,652.9,0,54500
2024-07-29,Kendil,7,2024,319.4,1044.4,0,45000
2024-08-05,Kendil,8,2024,197.7,1296.0,1,33000
2024-08-12,Kendil,8,2024,121.2,891.8,1,37000
2024-08-19,Kendil,8,2024,194.6,386.3,1,34500
2024-08-26,Kendil,8,2024,216.2,563.5,1,34000
2024-09-02,Kendil,9,2024,171.8,1231.7,1,30500
2024-09-09,Kendil,9,2024,244.5,732.2,1,35000
2024-09-16,Kendil,9,2024,126.3,1311.8,1,31000
2024-09-23,Kendil,9,2024,182.6,1167.5,1,33500
2024-09-30,Kendil,9,2024,98.0,838.6,1,34000
2024-10-07,Kendil,10,2024,231.6,931.6,1,32000
2024-10-14,Kendil,10,2024,28.1,713.1,1,34000
2024-10-21,Kendil,10,2024,159.4,956.1,1,32000
2024-10-28,Kendil,10,2024,125.3,963.6,1,30500
2024-11-04,Kendil,11,2024,192.0,781.6,0,43000
2024-11-11,Kendil,11,2024,247.5,873.9,0,43500
2024-11-18,Kendil,11,2024,53.4,642.1,0,52500
2024-11-25,Kendil,11,2024,135.4,595.8,0,45000
2024-12-02,Kendil,12,2024,146.0,997.1,0,43500
2024-12-09,Kendil,12,2024,275.9,591.8,0,49500
2024-12-16,Kendil,12,2024,171.8,854.9,0,45500
2024-12-23,Kendil,12,2024,213.6,459.7,0,49000
2024-12-30,Kendil,12,2024,86.6,672.5,0,43500
2025-01-06,Kendil,1,2025,126.1,657.1,0,47000
2025-01-13,Kendil,1,2025,109.5,918.3,0,47000
2025-01-20,Kendil,1,2025,135.7,581.2,0,45500
2025-01-27,Kendil,1,2025,20.0,869.6,0,51000
2025-02-03,Kendil,2,2025,181.3,1134.4,1,31000
2025-02-10,Kendil,2,2025,263.2,378.1,1,31500
2025-02-17,Kendil,2,2025,197.1,697.3,1,31000
2025-02-24,Kendil,2,2025,224.5,811.1,1,28500
2025-03-03,Kendil,3,2025,145.7,1090.8,1,33500
2025-03-10,Kendil,3,2025,153.5,816.8,1,32500
2025-03-17,Kendil,3,2025,241.7,440.0,1,35000
2025-03-24,Kendil,3,2025,97.9,933.9,1,35000
2025-03-31,Kendil,3,2025,93.7,1117.0,1,35000
2025-04-07,Kendil,4,2025,203.3,774.7,1,34000
2025-04-14,Kendil,4,2025,84.1,777.7,1,34000
2025-04-21,Kendil,4,2025,400.0,636.5,1,36500
2025-04-28,Kendil,4,2025,142.1,1452.1,1,35000
2025-05-05,Kendil,5,2025,211.9,505.5,0,50500
2025-05-12,Kendil,5,2025,211.3,745.6,0,47500
2025-05-19,Kendil,5,2025,306.5,674.1,0,44000
2025-05-26,Kendil,5,2025,296.5,501.2,0,47500
2025-06-02,Kendil,6,2025,204.8,743.5,0,50000
2025-06-09,Kendil,6,2025,245.3,624.8,0,42000
2025-06-16,Kendil,6,2025,114.8,629.6,0,46500
2025-06-23,Kendil,6,2025,41.9,788.7,0,50000
2025-06-30,Kendil,6,2025,275.3,475.5,0,52000
2025-07-07,Kendil,7,2025,136.2,801.9,0,47000
2025-07-14,Kendil,7,2025,283.3,1301.4,0,43500
2025-07-21,Kendil,7,2025,235.9,838.0,0,48500
2025-07-28,Kendil,7,2025,62.4,458.5,0,42000
2025-08-04,Kendil,8,2025,186.3,1112.1,1,34000
2025-08-11,Kendil,8,2025,309.5,1035.6,1,33500
2025-08-18,Kendil,8,2025,289.1,1087.1,1,33000
2025-08-25,Kendil,8,2025,60.3,657.8,1,37000
2025-09-01,Kendil,9,2025,166.5,1471.7,1,37000
2025-09-08,Kendil,9,2025,163.3,817.5,1,37500
2025-09-15,Kendil,9,2025,224.3,677.0,1,35500
2025-09-22,Kendil,9,2025,119.3,662.5,1,33000
2025-09-29,Kendil,9,2025,278.7,861.7,1,33500
2025-10-06,Kendil,10,2025,59.2,922.4,1,33500
2025-10-13,Kendil,10,2025,143.9,1260.4,1,34500
2025-10-20,Kendil,10,2025,51.2,743.3,1,35500
2025-10-27,Kendil,10,2025,159.6,1382.8,1,31000
2025-11-03,Kendil,11,2025,118.3,564.4,0,47500
2025-11-10,Kendil,11,2025,115.9,719.2,0,50000
2025-11-17,Kendil,11,2025,95.7,802.1,0,43500
2025-11-24,Kendil,11,2025,135.1,694.4,0,50000
2025-12-01,Kendil,12,2025,158.0,234.5,0,41000
2025-12-08,Kendil,12,2025,182.7,725.3,0,51000
2025-12-15,Kendil,12,2025,136.8,859.8,0,45500
2025-12-22,Kendil,12,2025,107.6,550.6,0,47500
2025-12-29,Kendil,12,2025,164.8,359.5,0,51000
2026-01-05,Kendil,1,2026,155.7,273.0,0,48500
2026-01-12,Kendil,1,2026,92.3,694.3,0,47500
2026-01-19,Kendil,1,2026,239.2,778.1,0,48500
2026-01-26,Kendil,1,2026,228.7,500.1,0,51000
2026-02-02,Kendil,2,2026,130.4,1129.2,1,35000
2026-02-09,Kendil,2,2026,247.4,997.9,1,34000
2026-02-16,Kendil,2,2026,59.0,574.5,1,32500
2026-02-23,Kendil,2,2026,267.4,505.1,1,35500
2026-03-02,Kendil,3,2026,160.0,381.6,1,35500
2026-03-09,Kendil,3,2026,204.4,583.3,1,34000
2026-03-16,Kendil,3,2026,227.4,516.9,1,33500
2026-03-23,Kendil,3,2026,73.3,830.2,1,37500
2026-03-30,Kendil,3,2026,126.0,756.8,1,34000
2026-04-06,Kendil,4,2026,234.7,950.5,1,32000
2026-04-13,Kendil,4,2026,148.3,1221.0,1,34500
2026-04-20,Kendil,4,2026,166.3,224.1,1,35000
2026-04-27,Kendil,4,2026,146.3,1012.0,1,32500
2026-05-04,Kendil,5,2026,213.5,798.7,0,42000
2026-05-11,Kendil,5,2026,138.0,490.0,0,51500
2026-05-18,Kendil,5,2026,146.8,462.3,0,47500
2026-05-25,Kendil,5,2026,241.3,763.5,0,45500
2026-06-01,Kendil,6,2026,171.9,561.8,0,52500
